0,3,5,7,12,14,19,27,52,55,65,119,123,133,154,161,162,163,183,185,200,221,234,244,247,263,266,279,291,297,320,340,351,377,378,382,387,395,402,421,431,432,433,434,460,478,479,481,482,506,511,520,521,525,551,558,566,571,577,604,624,655,666,686,697,708,710,733,737,738,745,751,775,803,808,816,837,842,848,862,878,892,917,924,926,950,959,970,985,995
1
2
3,0,5,7,12,14,19,27,52,55,65,119,123,154,161,162,163,183,185,200,221,234,244,247,263,266,291,297,340,351,377,378,382,387,395,402,421,431,432,433,434,478,479,481,482,506,511,520,521,525,551,558,566,571,577,604,624,655,666,697,708,710,733,737,738,745,751,803,808,816,837,842,848,878,892,924,926,950,959,970,985,995
4
5,0,3,7,12,14,19,27,28,34,45,46,52,55,59,63,65,67,76,112,119,120,123,133,150,154,158,160,161,162,163,183,185,196,197,200,201,221,229,234,236,244,246,247,257,263,266,269,270,291,297,298,303,304,313,314,315,320,327,340,342,351,366,370,377,378,382,387,390,395,396,402,404,413,420,421,429,431,432,433,434,437,441,471,478,479,481,482,501,506,511,513,520,521,523,525,539,551,558,562,566,571,577,581,583,600,602,604,606,614,617,624,636,655,666,679,697,707,708,710,713,733,737,738,745,751,754,761,762,768,772,786,787,790,801,803,807,808,816,817,828,837,841,842,848,855,859,862,865,872,874,878,884,892,897,905,917,923,924,926,942,945,950,955,958,959,961,970,973,985,995,996
6
7,0,3,5,12,14,19,27,28,34,45,46,52,55,59,63,65,67,76,84,112,115,119,120,123,133,150,154,158,160,161,162,163,172,183,185,197,200,201,221,229,234,236,244,246,247,257,263,264,266,269,270,291,297,298,304,313,314,315,327,340,342,351,355,366,370,377,378,382,387,390,395,396,402,404,413,420,421,429,431,432,433,434,437,441,468,471,478,479,481,482,501,505,506,511,513,520,521,523,525,539,551,558,562,566,571,577,581,583,600,602,604,606,614,617,624,636,655,666,679,697,708,710,713,733,737,738,745,751,754,761,762,768,772,786,787,790,801,803,807,808,816,817,828,837,841,842,848,855,859,862,865,870,872,874,878,884,892,897,905,915,917,923,924,926,940,942,945,950,955,958,959,961,970,973,985,995,996
8
9,270,304,395,468,580,733,862,900,923,961,996
10
11
12,0,3,5,7,14,19,27,45,46,52,55,65,119,120,123,150,154,161,162,163,183,185,196,200,201,221,234,236,244,246,247,263,266,270,291,297,303,304,313,314,315,320,340,342,351,377,378,382,387,395,402,404,413,421,431,432,433,434,437,441,478,479,481,482,506,511,513,520,521,523,525,551,558,562,566,571,577,581,583,600,604,606,614,617,624,636,655,666,679,684,697,707,708,710,726,733,737,738,744,745,751,754,761,772,786,787,790,803,807,808,816,828,837,842,848,859,862,872,874,878,892,897,915,917,924,926,942,945,950,958,959,961,970,985,995,996
13
14,0,3,5,7,12,19,20,27,28,34,39,46,52,55,59,63,65,67,76,84,112,115,119,120,123,133,154,158,160,161,162,163,172,183,185,200,201,221,234,236,244,247,263,264,266,269,270,291,297,298,315,327,340,342,351,355,370,377,378,382,387,395,396,402,404,420,421,431,432,433,434,468,471,478,479,481,482,505,506,511,520,521,523,525,537,539,551,558,566,571,577,581,583,600,602,604,606,614,617,624,636,655,666,697,708,710,713,733,737,738,745,751,754,762,768,769,787,801,803,807,808,816,817,828,837,842,848,855,859,865,870,874,878,884,892,897,905,910,915,917,923,924,926,942,945,950,955,958,959,961,970,982,985,995,996
15
16
17
18
19,0,3,5,7,12,14,27,28,34,45,46,52,55,63,65,67,76,112,119,120,123,133,150,154,158,160,161,162,163,183,185,196,197,200,201,205,221,229,234,236,244,246,247,263,266,269,270,291,297,298,303,304,313,314,315,320,327,340,342,351,370,377,378,382,387,390,395,396,402,404,413,421,431,432,433,434,437,441,471,478,479,481,482,506,511,513,520,521,523,525,539,551,558,562,566,571,577,581,583,600,602,604,606,614,617,624,636,650,655,666,679,697,707,708,710,713,733,737,738,745,751,754,761,762,768,772,786,787,790,801,803,807,808,816,817,828,837,842,848,855,859,862,865,872,874,878,884,892,897,903,905,917,923,924,926,942,945,950,955,958,959,961,970,985,995,996
20,14,39,67,160,163,537,604,769,817,910,982
21
22,34,860,868
23,169,726,878,996
24
25
26
27,0,3,5,7,12,14,19,52,55,65,119,123,154,161,162,163,183,185,200,201,221,234,244,247,263,266,282,289,291,297,314,320,333,340,351,377,378,382,387,395,402,421,431,432,433,434,468,478,479,481,482,486,506,511,520,521,525,551,558,566,571,577,581,604,624,655,666,697,708,710,733,737,738,745,751,754,803,808,816,837,842,848,859,878,892,924,926,950,959,970,985,995
28,5,7,14,19,34,52,63,65,67,76,112,119,120,123,154,158,185,200,221,229,234,247,263,270,283,291,298,315,327,340,366,370,378,382,396,404,429,431,433,434,501,506,511,520,523,539,558,566,577,583,600,614,624,636,655,676,697,713,726,745,754,768,787,801,803,807,808,816,817,828,837,842,848,855,859,865,874,884,897,905,917,923,924,926,942,950,955,958,959,970,985
29
30
31
32
33
34,5,7,14,19,22,28,52,63,65,67,76,112,119,120,123,154,158,185,200,221,234,247,263,270,291,298,322,327,340,370,378,382,396,404,431,433,434,506,511,520,523,539,558,566,577,583,600,614,624,634,636,655,697,713,745,754,768,787,801,803,807,808,816,817,828,837,842,848,855,859,860,865,874,884,897,905,917,923,924,926,942,950,955,958,959,970,985
35
36
37
38
39,14,20,67,160,163,537,604,769,817,910,982
40
41
42
43
44
45,5,7,12,19,46,52,65,119,150,154,161,185,200,201,221,234,236,244,246,247,263,270,291,303,314,340,342,351,382,387,413,431,432,433,434,441,505,506,513,520,523,562,566,577,583,600,606,607,614,624,636,651,655,697,710,737,745,751,754,761,772,786,787,790,803,807,808,816,828,837,842,848,862,872,892,897,917,924,926,942,945,950,961,970,985
46,5,7,12,14,19,45,52,59,65,84,112,115,119,123,133,150,154,160,161,163,172,183,185,196,197,200,201,218,221,229,231,234,236,244,246,247,257,263,264,269,270,289,291,297,303,304,313,314,315,320,340,342,351,355,366,378,382,387,390,402,404,413,420,429,431,432,433,434,437,441,468,471,478,479,481,482,501,505,506,511,513,520,523,525,539,551,558,562,566,571,577,581,583,600,602,604,606,614,617,624,636,655,679,697,707,708,710,737,738,745,751,754,761,762,768,772,786,787,790,801,803,807,808,816,828,837,841,842,848,855,859,862,870,872,874,878,892,897,915,917,923,924,926,942,945,950,955,958,959,961,970,973,985,996
47
48
49
50
51,266,350
52,0,3,5,7,12,14,19,27,28,34,45,46,55,59,63,65,67,73,76,112,119,120,123,150,154,158,161,162,163,183,185,196,200,201,221,229,234,236,244,246,247,257,263,266,270,289,291,297,298,303,304,313,314,315,320,327,340,342,351,366,370,377,378,382,387,395,396,402,404,413,416,420,421,429,431,432,433,434,437,441,478,479,481,482,501,506,511,513,520,521,523,525,539,551,558,562,566,571,577,581,583,600,604,606,614,617,624,636,642,655,666,679,697,707,708,710,713,733,737,738,745,751,754,761,762,768,772,786,787,790,801,803,807,808,816,817,828,837,841,842,848,855,859,862,865,872,874,878,884,892,897,905,917,923,924,926,942,945,950,958,959,961,970,973,976,985,995,996
53
54
55,0,3,5,7,12,14,19,27,52,65,67,119,123,154,161,162,163,183,185,200,221,234,244,247,263,266,291,297,304,340,351,365,377,378,382,387,395,402,421,431,432,433,434,437,471,478,479,481,482,506,511,520,521,525,551,558,562,566,571,577,604,624,642,655,666,697,708,710,733,737,738,745,751,803,808,816,837,842,848,860,878,892,905,923,924,926,950,959,970,985,995
56
57
58
59,5,7,14,46,52,65,84,112,115,119,123,154,160,161,172,183,185,200,201,221,229,234,236,244,246,247,257,263,264,297,304,315,340,342,351,355,366,378,382,404,420,429,431,432,433,434,437,468,481,482,501,505,511,520,525,539,551,566,577,581,600,602,604,606,614,617,624,636,655,679,697,708,737,738,762,768,772,787,790,801,803,807,808,816,837,841,848,855,859,870,874,878,892,897,915,923,924,926,945,958,959,961,973,985,996
60
61,466
62
63,5,7,14,19,28,34,52,65,67,73,76,112,119,120,123,140,154,158,185,200,205,221,234,247,263,270,291,298,327,340,351,365,370,378,382,396,404,431,433,434,471,506,511,520,523,539,558,566,577,583,600,606,610,614,624,636,642,655,697,713,745,754,768,787,801,803,807,808,816,817,828,837,842,848,852,855,859,860,865,874,884,897,905,917,923,924,926,936,942,950,958,959,970,985
64
65,0,3,5,7,12,14,19,27,28,34,45,46,52,55,59,63,67,76,84,112,115,119,120,123,133,150,154,158,160,161,162,163,172,183,185,196,197,200,201,221,229,234,236,244,246,247,257,263,264,266,269,270,291,297,298,303,304,313,314,315,320,327,340,342,351,355,366,370,377,378,382,387,390,395,396,402,404,413,420,421,429,431,432,433,434,437,441,468,471,478,479,481,482,501,505,506,511,513,520,521,523,525,539,551,558,562,566,571,577,581,583,600,602,604,606,614,617,624,636,655,666,679,697,707,708,710,713,733,737,738,745,751,754,761,762,768,772,786,787,790,801,803,807,808,816,817,828,837,841,842,848,855,859,862,865,870,872,874,878,884,892,897,905,915,917,923,924,926,942,945,950,955,958,959,961,970,973,985,995,996
66
67,5,7,14,19,20,28,34,39,52,55,63,65,76,112,119,120,123,140,154,158,160,163,185,197,200,221,234,247,263,270,291,298,303,327,340,351,365,370,378,382,396,404,431,433,434,471,492,506,511,520,523,537,539,558,566,577,583,600,604,606,614,624,636,655,666,697,713,745,754,768,769,787,801,803,807,808,816,817,828,837,842,848,855,859,860,865,874,884,897,905,910,917,923,924,926,936,942,950,958,959,970,982,985
68
69
70
71
72
73,52,63,297,402,416,481,642,860
74
75
76,5,7,14,19,28,34,52,63,65,67,112,119,120,123,154,158,160,185,200,221,234,247,263,270,291,298,327,340,351,370,378,382,396,404,431,433,434,506,511,520,523,539,558,566,577,581,583,600,614,624,634,636,655,697,713,745,754,768,787,801,803,807,808,816,817,828,837,842,848,855,859,865,874,884,897,905,917,923,924,926,942,950,958,959,966,970,985
77
78
79
80
81
82,711,715
83
84,7,14,46,59,65,101,112,115,119,154,161,172,183,185,200,201,221,234,236,244,247,263,264,296,297,315,340,342,351,355,404,420,431,432,433,434,437,468,481,482,505,511,520,525,551,566,577,581,600,602,604,606,614,617,624,636,655,697,737,738,768,803,807,808,816,848,870,874,892,897,915,923,924,945,958,961,985,996
85
86
87
88
89
90
91
92
93,567
94
95
96
97
98
99
100
101,84,296,437,958
102
103
104
105,513,606,807,845
106
107
108
109,342
110,165,571,638
111
112,5,7,14,19,28,34,46,52,59,63,65,67,76,84,115,119,120,123,154,158,161,169,172,183,185,200,201,221,229,234,236,244,246,247,248,257,263,264,270,291,297,298,304,315,327,340,342,351,355,366,370,378,382,396,404,420,429,431,432,433,434,437,460,468,481,482,501,505,506,511,520,523,525,539,551,558,566,577,581,583,600,602,604,606,614,617,624,636,655,679,697,708,713,715,737,738,745,754,762,768,772,787,801,803,807,808,813,816,817,828,837,841,842,848,855,859,865,870,874,878,884,892,897,905,915,917,923,924,926,942,945,950,958,959,961,970,973,985,996
113
114,115,638
115,7,14,46,59,65,84,112,114,119,154,161,172,183,185,200,201,221,234,236,244,247,263,264,297,315,340,342,351,355,404,420,431,432,433,434,460,468,481,482,505,511,520,525,551,562,566,577,581,600,602,604,606,614,617,624,636,638,655,685,697,737,738,754,762,768,801,803,805,807,808,816,848,870,874,892,897,915,923,924,936,945,961,985,996
116
117
118
119,0,3,5,7,12,14,19,27,28,34,45,46,52,55,59,63,65,67,76,84,112,115,120,123,133,150,154,158,161,162,163,172,183,185,196,200,201,221,229,234,236,244,246,247,257,263,264,266,269,270,291,297,298,303,304,313,314,315,320,327,340,342,351,355,366,370,377,378,382,387,395,396,402,404,413,420,421,429,431,432,433,434,437,441,468,471,478,479,481,482,501,505,506,511,513,520,521,523,525,539,551,558,562,566,571,577,581,583,600,602,604,606,607,614,617,624,636,651,655,666,679,697,707,708,710,713,733,737,738,745,751,754,761,762,768,772,786,787,790,801,803,807,808,816,817,828,837,841,842,848,855,859,862,865,870,872,874,878,884,892,897,905,915,917,923,924,926,942,945,950,955,958,959,961,970,973,985,995,996
120,5,7,12,14,19,28,34,52,63,65,67,76,112,119,123,154,158,162,185,200,221,234,247,263,270,276,291,298,327,333,340,355,370,378,382,387,396,404,431,433,434,439,506,511,520,523,525,539,551,558,566,577,583,600,614,624,636,655,697,713,726,744,745,754,768,787,801,803,807,808,816,817,828,837,842,848,855,859,865,874,884,897,905,917,923,924,926,942,950,958,959,970,985
121
122
123,0,3,5,7,12,14,19,27,28,34,46,52,55,59,63,65,67,76,112,119,120,150,154,158,161,162,163,183,185,200,221,229,234,236,244,246,247,257,263,266,270,276,289,291,297,298,304,315,327,333,340,342,351,366,370,377,378,382,387,395,396,402,404,420,421,429,431,432,433,434,437,439,478,479,481,482,486,501,506,511,520,521,523,525,539,551,558,562,566,571,577,583,600,604,614,624,636,655,666,679,697,708,710,713,715,733,737,738,745,751,754,762,768,772,787,801,803,807,808,816,817,828,837,841,842,848,855,859,865,868,874,878,884,892,897,905,917,923,924,926,936,942,950,958,959,970,973,985,995
124
125
126,966
127
128
129
130
131,310
132
133,0,5,7,14,19,46,65,119,154,161,185,200,221,234,263,269,270,279,291,297,320,340,351,378,402,404,431,433,434,460,471,478,481,506,511,520,525,558,566,571,577,583,600,602,604,614,624,636,655,697,708,745,754,762,775,803,816,828,837,848,862,892,917,924,926,950,955,985
134
135,796
136
137
138
139
140,63,67,205,236,351,365,420,471,606,860,905,936
141,213,404
142
143
144
145
146
147
148
149
150,5,7,12,19,45,46,52,65,119,123,154,161,185,200,201,221,234,236,244,246,247,248,250,263,270,291,304,314,340,351,382,387,390,413,431,432,433,434,441,506,513,520,523,539,562,566,577,583,600,604,606,614,624,636,655,697,710,737,745,751,754,761,772,786,787,790,803,807,808,816,828,837,842,848,862,868,872,892,897,905,917,924,926,942,945,950,961,970,985
151
152
153,376
154,0,3,5,7,12,14,19,27,28,34,45,46,52,55,59,63,65,67,76,84,112,115,119,120,123,133,150,158,160,161,162,163,172,183,185,196,197,200,201,221,229,234,236,244,246,247,257,263,264,266,269,270,291,297,298,303,304,313,314,315,320,327,340,342,351,355,366,370,377,378,382,387,390,395,396,402,404,413,420,421,429,431,432,433,434,437,441,468,471,478,479,481,482,501,505,506,511,513,520,521,523,525,539,551,558,562,566,571,577,581,583,600,602,604,606,614,617,624,636,655,666,679,697,707,708,710,713,733,737,738,745,751,754,761,762,768,772,786,787,790,801,803,807,808,816,817,828,837,841,842,848,855,859,862,865,870,872,874,878,884,892,897,905,915,917,923,924,926,942,945,950,955,958,959,961,970,973,985,995,996
155
156,163,246,370,392,482,871,942
157
158,5,7,14,19,28,34,52,63,65,67,76,112,119,120,123,154,185,200,221,234,247,263,270,291,298,327,340,370,378,382,396,404,431,433,434,506,511,520,523,539,558,566,577,583,600,614,624,636,655,697,713,745,754,768,787,801,803,807,808,816,817,828,837,842,848,855,859,865,874,884,897,905,917,923,924,926,942,950,958,959,970,985
159,169,404,486,539,631,874
160,5,7,14,19,20,39,46,59,65,67,76,154,161,163,185,197,200,216,221,229,234,263,266,291,297,304,313,315,340,382,390,402,413,431,432,433,434,468,479,481,486,506,520,525,537,551,566,577,600,604,614,617,624,634,655,697,713,745,751,769,772,775,787,790,801,803,808,816,817,828,837,848,855,872,892,910,917,926,942,945,950,958,959,982,985,995
161,0,3,5,7,12,14,19,27,45,46,52,55,59,65,84,112,115,119,123,133,150,154,160,162,163,172,183,185,196,197,200,201,221,229,234,236,244,246,247,257,263,264,266,269,270,291,297,303,304,313,314,315,320,340,342,351,355,366,377,378,382,387,390,395,402,404,413,420,421,429,431,432,433,434,437,441,468,471,478,479,481,482,501,505,506,511,513,520,521,523,525,539,551,558,562,566,571,577,581,583,600,602,604,606,614,617,624,636,637,655,666,679,697,707,708,710,733,737,738,745,751,754,761,762,768,772,786,787,790,801,803,807,808,816,828,837,841,842,848,855,859,862,870,872,874,878,892,897,915,917,923,924,926,942,945,950,955,958,959,961,970,973,985,995,996
162,0,3,5,7,12,14,19,27,52,55,65,119,120,123,154,161,163,183,185,200,221,234,242,244,247,263,266,276,289,291,297,333,340,351,377,378,382,387,395,402,421,431,432,433,434,439,478,479,481,482,486,506,511,520,521,525,551,558,566,571,577,604,624,655,666,697,708,710,733,737,738,745,751,803,808,816,837,842,848,878,892,924,926,950,959,970,985,995
163,0,3,5,7,12,14,19,20,27,39,46,52,55,65,67,119,123,154,156,160,161,162,183,185,200,221,231,234,244,246,247,263,266,289,291,297,340,351,377,378,382,387,392,395,402,413,421,431,432,433,434,478,479,481,482,506,511,520,521,525,537,551,558,566,571,577,604,624,655,666,697,708,710,733,737,738,741,745,751,769,803,808,816,817,837,842,848,871,874,878,892,910,924,926,942,950,959,970,982,985,995
164
165,110,386,787
166
167
168
169,23,112,159,231,298,377,404,479,486,539,581,707,726,874,878,884,903,959,996
170
171
172,7,14,46,59,65,84,112,115,119,154,161,183,185,200,201,221,234,236,244,247,263,264,297,315,340,342,351,355,395,404,420,431,432,433,434,468,481,482,505,511,520,525,551,566,577,581,600,602,604,606,614,617,624,636,655,697,737,738,768,803,807,808,816,848,870,874,892,897,915,923,924,945,961,985,996
173,870
174
175
176
177
178
179
180
181,366,413,499,708,842
182
183,0,3,5,7,12,14,19,27,46,52,55,59,65,84,112,115,119,123,154,161,162,163,172,185,200,201,218,221,234,236,244,247,263,264,266,291,297,315,340,342,351,355,377,378,382,387,395,402,404,420,421,431,432,433,434,468,478,479,481,482,505,506,511,520,521,525,551,558,566,571,577,578,581,600,602,604,606,614,617,624,636,638,655,666,697,708,710,733,737,738,741,745,751,762,768,803,807,808,816,837,842,848,870,874,878,892,897,915,923,924,926,945,950,959,961,970,985,995,996
184
185,0,3,5,7,12,14,19,27,28,34,45,46,52,55,59,63,65,67,76,84,112,115,119,120,123,133,150,154,158,160,161,162,163,172,183,196,197,200,201,221,229,234,236,244,246,247,257,263,264,266,269,270,291,297,298,303,304,313,314,315,320,327,340,342,351,355,366,370,377,378,382,387,390,395,396,402,404,413,420,421,429,431,432,433,434,437,441,468,471,478,479,481,482,501,505,506,511,513,520,521,523,525,539,551,558,562,566,571,577,581,583,600,602,604,606,614,617,624,636,655,666,679,697,707,708,710,713,733,737,738,745,751,754,761,762,768,772,786,787,790,801,803,807,808,816,817,828,837,841,842,848,855,859,862,865,870,872,874,878,884,892,897,905,915,917,923,924,926,942,945,950,955,958,959,961,970,973,985,995,996
186
187
188
189
190
191
192
193,796
194
195
196,5,12,19,46,52,65,119,154,161,185,200,221,236,247,263,291,303,304,313,315,320,340,342,382,402,404,431,432,433,434,437,439,479,481,520,566,577,581,583,604,614,617,624,636,655,679,697,707,745,803,808,816,828,848,859,874,892,897,950,958,985,996
197,5,7,19,46,65,67,154,160,161,185,200,221,229,263,291,297,304,313,315,340,370,378,382,390,413,431,432,433,434,479,481,506,520,525,537,551,566,577,600,614,617,624,655,697,745,762,772,787,801,803,808,816,837,848,855,892,926,942,945,950,958,959,985
198
199
200,0,3,5,7,12,14,19,27,28,34,45,46,52,55,59,63,65,67,76,84,112,115,119,120,123,133,150,154,158,160,161,162,163,172,183,185,196,197,201,221,229,234,236,244,246,247,257,263,264,266,269,270,291,297,298,303,304,313,314,315,320,327,340,342,351,355,366,370,377,378,382,387,390,395,396,402,404,413,420,421,429,431,432,433,434,437,441,468,471,478,479,481,482,501,505,506,511,513,520,521,523,525,539,551,558,562,566,571,577,581,583,600,602,604,606,614,617,624,636,655,666,679,697,707,708,710,713,733,737,738,745,751,754,761,762,768,772,786,787,790,801,803,807,808,816,817,828,837,841,842,848,855,859,862,865,870,872,874,878,884,892,897,905,915,917,923,924,926,942,945,950,955,958,959,961,970,973,985,995,996
201,5,7,12,14,19,27,45,46,52,59,65,84,112,115,119,150,154,161,172,183,185,200,221,234,236,244,246,247,263,264,270,291,297,314,315,333,340,342,351,355,377,382,387,404,413,420,431,432,433,434,441,468,481,482,505,506,511,513,520,523,525,551,562,566,577,581,583,600,602,604,606,614,617,624,636,655,697,710,737,738,745,751,754,761,768,772,786,787,790,803,807,808,816,828,837,842,846,848,862,870,872,874,892,897,915,917,923,924,926,942,945,950,961,970,985,996
202
203
204
205,19,63,140,236,264,270,315,320,402,420,539,610,650,715,751,790,817,828,852,874,903,950,995
206
207
208
209,264,900
210
211
212
213,141,404,594,961
214
215
216,160,486,775,872
217
218,46,183,420,578,636,666,708,762,915,995
219,686
220
221,0,3,5,7,12,14,19,27,28,34,45,46,52,55,59,63,65,67,76,84,112,115,119,120,123,133,150,154,158,160,161,162,163,172,183,185,196,197,200,201,229,234,236,244,246,247,257,263,264,266,269,270,291,297,298,303,304,313,314,315,320,327,340,342,351,355,366,370,377,378,382,387,390,395,396,402,404,413,420,421,429,431,432,433,434,437,441,468,471,478,479,481,482,501,505,506,511,513,520,521,523,525,539,551,558,562,566,571,577,581,583,600,602,604,606,614,617,624,636,655,666,679,697,707,708,710,713,733,737,738,745,751,754,761,762,768,772,786,787,790,801,803,807,808,816,817,828,837,841,842,848,855,859,862,865,870,872,874,878,884,892,897,905,915,917,923,924,926,942,945,950,955,958,959,961,970,973,985,995,996
222
223
224,266
225
226
227
228
229,5,7,19,28,46,52,59,65,112,119,123,154,160,161,185,197,200,221,236,244,246,257,263,269,283,291,297,304,313,315,340,342,366,378,382,390,404,413,420,429,431,432,433,434,437,478,479,481,501,506,511,520,525,539,551,566,577,600,614,617,624,655,676,679,697,708,726,737,745,762,768,772,787,801,803,808,816,837,841,848,855,878,892,897,924,926,942,945,950,958,959,973,985
230
231,46,163,169,289,413,903
232
233
234,0,3,5,7,12,14,19,27,28,34,45,46,52,55,59,63,65,67,76,84,112,115,119,120,123,133,150,154,158,160,161,162,163,172,183,185,200,201,221,236,244,246,247,263,264,266,269,270,291,297,298,314,315,327,340,342,351,355,370,377,378,382,387,395,396,402,404,413,420,421,431,432,433,434,441,468,471,478,479,481,482,505,506,511,513,520,521,523,525,539,551,558,562,566,571,577,581,583,600,602,604,606,614,617,624,636,655,666,697,708,710,713,733,737,738,745,751,754,761,762,768,772,786,787,790,801,803,807,808,816,817,828,837,842,848,855,859,862,865,870,872,874,878,884,892,897,905,915,917,923,924,926,942,945,950,955,958,959,961,970,985,995,996
235
236,5,7,12,14,19,45,46,52,59,65,84,112,115,119,123,140,150,154,161,172,183,185,196,200,201,205,221,229,234,244,246,247,257,263,264,270,291,297,303,304,313,314,315,320,340,342,351,355,366,378,382,387,402,404,413,420,429,431,432,433,434,437,441,468,479,481,482,501,505,506,511,513,520,523,525,539,551,562,566,577,581,583,600,602,604,606,614,617,624,636,655,679,697,707,708,710,715,737,738,745,751,754,761,762,768,772,786,787,790,801,803,807,808,816,828,837,841,842,848,859,862,870,872,874,878,892,897,915,917,923,924,926,942,945,950,958,959,961,970,973,985,996
237
238
239
240
241
242,162
243
244,0,3,5,7,12,14,19,27,45,46,52,55,59,65,84,112,115,119,123,150,154,161,162,163,172,183,185,200,201,221,229,234,236,246,247,257,263,264,266,270,291,297,304,314,315,340,342,351,355,366,377,378,382,387,395,402,404,413,420,421,429,431,432,433,434,437,441,456,468,478,479,481,482,501,505,506,511,513,520,521,523,525,539,551,558,562,566,571,577,581,583,600,602,604,606,614,617,624,636,655,666,672,679,697,708,710,733,737,738,745,751,754,761,762,768,772,786,787,790,796,801,803,805,807,808,816,824,828,837,841,842,848,862,870,872,874,878,892,897,915,917,923,924,926,942,945,950,958,959,961,970,973,985,995,996
245
246,5,7,12,19,45,46,52,59,65,112,119,123,150,154,156,161,163,185,200,201,221,229,234,236,244,247,257,263,270,291,304,314,315,340,342,351,366,378,382,387,392,404,413,420,429,431,432,433,434,437,441,456,481,501,506,511,513,520,521,523,539,562,566,577,583,600,606,614,624,636,655,672,679,697,708,710,737,745,751,754,761,762,772,786,787,790,796,801,803,805,807,808,816,824,828,837,841,842,848,862,871,872,878,892,897,917,924,926,942,945,950,958,959,961,970,973,985
247,0,3,5,7,12,14,19,27,28,34,45,46,52,55,59,63,65,67,76,84,112,115,119,120,123,150,154,158,161,162,163,172,183,185,196,200,201,221,234,236,244,246,263,264,266,270,291,297,298,303,304,313,314,315,320,327,340,342,351,355,370,377,378,382,387,395,396,402,404,413,420,421,431,432,433,434,437,441,468,478,479,481,482,505,506,511,513,520,521,523,525,539,551,558,562,566,571,577,581,583,600,602,604,606,614,617,624,636,655,666,679,697,707,708,710,713,733,737,738,745,751,754,761,768,772,786,787,790,801,803,807,808,816,817,828,837,842,848,855,859,862,865,870,871,872,874,878,884,892,897,900,905,915,917,923,924,926,942,945,950,958,959,961,970,985,995,996
248,112,150,460,754,801,813,841,878,959
249
250,150,390,710,787
251
252
253
254
255
256,421,506,713,751,917,973
257,5,7,46,52,59,65,112,119,123,154,161,185,200,221,229,236,244,246,263,304,315,340,342,366,378,382,404,420,429,431,433,434,437,481,501,511,520,539,566,577,583,600,614,624,637,655,679,697,708,737,762,772,787,801,803,816,837,841,848,878,892,897,924,926,958,959,973,985
258
259
260
261
262
263,0,3,5,7,12,14,19,27,28,34,45,46,52,55,59,63,65,67,76,84,112,115,119,120,123,133,150,154,158,160,161,162,163,172,183,185,196,197,200,201,221,229,234,236,244,246,247,257,264,266,269,270,291,297,298,303,304,313,314,315,320,327,340,342,351,355,366,370,377,378,382,387,390,395,396,402,404,413,420,421,429,431,432,433,434,437,441,468,471,478,479,481,482,501,505,506,511,513,520,521,523,525,539,551,558,562,566,571,577,581,583,600,602,604,606,614,617,624,636,655,666,679,697,707,708,710,713,733,737,738,745,751,754,761,762,768,772,786,787,790,801,803,807,808,816,817,828,837,841,842,848,855,859,862,865,870,872,874,878,884,892,897,905,915,917,923,924,926,942,945,950,955,958,959,961,970,973,985,995,996
264,7,14,46,59,65,84,112,115,119,154,161,172,183,185,200,201,205,209,221,234,236,244,247,263,297,315,320,340,342,351,355,404,420,431,432,433,434,468,481,482,505,511,520,525,551,566,577,581,600,602,604,606,614,617,624,636,655,697,715,737,738,768,803,807,808,816,848,870,874,892,897,900,915,923,924,945,961,985,996
265
266,0,3,5,7,12,14,19,27,51,52,55,65,119,123,154,160,161,162,163,183,185,200,221,224,234,244,247,263,291,297,304,340,351,377,378,382,387,395,402,421,431,432,433,434,478,479,481,482,506,511,520,521,523,525,551,558,566,571,577,581,604,624,642,655,666,697,707,708,710,733,737,738,745,751,803,808,816,837,842,848,878,892,924,926,950,959,970,985,995
267,269,942
268
269,5,7,14,19,46,65,119,133,154,161,185,200,221,229,234,263,267,270,297,340,351,378,402,404,431,433,434,471,478,481,506,511,520,525,558,566,571,577,583,600,602,604,614,624,636,655,697,708,745,754,762,803,816,828,837,848,892,924,926,950,955,985
270,5,7,9,12,14,19,28,34,45,46,52,63,65,67,76,112,119,120,123,133,150,154,158,161,185,200,201,205,221,234,236,244,246,247,263,269,291,297,298,304,314,327,340,351,370,378,382,387,396,402,404,413,431,432,433,434,441,471,478,481,506,511,513,520,523,525,539,558,562,566,571,577,583,600,602,604,606,614,624,636,650,655,697,708,710,713,737,745,751,754,761,762,768,772,786,787,790,801,803,807,808,816,817,828,837,842,848,855,859,862,865,872,874,884,892,897,903,905,917,923,924,926,942,945,950,955,958,959,961,970,985,995
271
272
273
274
275
276,120,123,162,333,378,439,511,525,551,558
277
278
279,0,133,283,291,310,320,366,429,437,460,501,679,707,726,768,775,862,917
280
281
282,27,535,790,859,860,897,987
283,28,229,279,315,366,429,437,501,676,679,707,726,768
284
285,480
286
287
288
289,27,46,52,123,162,163,231,298,303,396,413,486,506,511,525,551,558,604,642,855,958
290
291,0,3,5,7,12,14,19,27,28,34,45,46,52,55,63,65,67,76,112,119,120,123,133,150,154,158,160,161,162,163,183,185,196,197,200,201,221,229,234,236,244,246,247,263,266,270,279,297,298,303,304,313,314,315,320,327,340,342,351,370,377,378,382,387,390,395,396,402,404,413,421,431,432,433,434,437,441,460,478,479,481,482,506,511,513,520,521,523,525,539,551,558,562,566,571,577,581,583,600,604,606,614,617,624,636,655,666,679,697,707,708,710,713,733,737,738,745,751,754,761,768,772,775,786,787,790,801,803,807,808,816,817,828,837,842,848,855,859,862,865,872,874,878,884,892,897,905,917,923,924,926,942,945,950,958,959,961,970,985,995,996
292,723
293
294
295
296,84,101,437,958
297,0,3,5,7,12,14,19,27,46,52,55,59,65,73,84,112,115,119,123,133,154,160,161,162,163,172,183,185,197,200,201,221,229,234,236,244,247,263,264,266,269,270,291,304,313,315,340,342,351,355,377,378,382,387,390,395,402,404,413,416,420,421,431,432,433,434,468,471,478,479,481,482,505,506,511,520,521,523,525,551,558,566,571,577,581,583,600,602,604,606,614,617,624,636,655,666,697,708,710,733,737,738,745,751,754,762,768,772,787,801,803,807,808,816,828,837,842,848,855,860,870,874,878,892,897,915,923,924,926,942,945,950,955,958,959,961,970,985,995,996
298,5,7,14,19,28,34,52,63,65,67,76,112,119,120,123,154,158,169,185,200,221,234,247,263,270,289,291,327,340,365,370,378,382,396,404,431,433,434,506,511,520,523,539,558,566,577,581,583,600,614,624,636,642,655,697,713,745,754,768,787,801,803,807,808,816,817,828,837,842,848,855,859,865,874,878,884,897,905,917,923,924,926,942,950,958,959,970,985
299
300
301
302
303,5,12,19,45,46,52,65,67,119,154,161,185,196,200,221,236,247,263,289,291,304,313,315,320,340,342,382,402,404,431,432,433,434,437,479,481,505,506,520,525,558,566,577,581,583,604,607,614,617,624,636,651,655,666,679,697,707,745,787,790,803,808,816,828,848,855,859,874,892,897,950,958,985,996
304,5,7,9,12,19,46,52,55,59,65,112,119,123,150,154,160,161,185,196,197,200,221,229,236,244,246,247,257,263,266,270,291,297,303,313,315,320,340,342,366,378,382,390,402,404,413,420,429,431,432,433,434,437,479,481,501,506,511,520,525,539,551,562,566,577,581,583,600,604,614,617,624,636,637,642,655,679,697,707,708,737,745,762,772,787,801,803,808,816,828,837,841,848,855,859,862,868,874,878,892,897,905,924,926,942,945,950,958,959,973,985,996
305
306
307
308
309
310,131,279,966
311
312
313,5,7,12,19,46,52,65,119,154,160,161,185,196,197,200,221,229,236,247,263,291,297,303,304,315,320,340,342,382,390,402,404,413,431,432,433,434,437,479,481,506,520,525,551,566,577,581,583,600,604,614,617,624,636,655,679,697,707,745,772,787,801,803,808,816,828,837,848,855,859,874,892,897,926,942,945,950,958,959,985,996
314,5,7,12,19,27,45,46,52,65,119,150,154,161,185,200,201,221,234,236,244,246,247,263,270,291,333,340,351,377,382,387,413,431,432,433,434,441,506,513,520,523,551,562,566,577,581,583,600,606,614,624,636,655,697,710,737,745,751,754,761,772,786,787,790,803,807,808,816,828,837,842,848,862,872,892,897,917,924,926,942,945,950,961,970,985
315,5,7,12,14,19,28,46,52,59,65,84,112,115,119,123,154,160,161,172,183,185,196,197,200,201,205,221,229,234,236,244,246,247,257,263,264,283,291,297,303,304,313,320,340,342,351,355,366,378,382,390,402,404,413,420,429,431,432,433,434,437,468,479,481,482,501,505,506,511,520,525,539,551,566,577,581,583,600,602,604,606,614,617,624,636,655,676,679,697,707,708,715,726,737,738,745,762,768,772,787,801,803,807,808,816,828,837,841,848,855,859,870,874,878,892,897,915,923,924,926,942,945,950,958,959,961,973,985,996
316
317
318
319
320,0,5,12,19,27,46,52,65,119,133,154,161,185,196,200,205,221,236,247,263,264,279,291,303,304,313,315,340,342,382,402,404,431,432,433,434,437,460,479,481,511,520,566,577,581,583,604,614,617,624,636,655,679,697,707,715,745,754,775,803,808,816,828,848,859,862,874,892,897,917,950,958,970,985,996
321
322,34,860,955,959
323
324
325
326
327,5,7,14,19,28,34,52,63,65,67,76,112,119,120,123,154,158,185,200,221,234,247,263,270,291,298,340,370,378,382,396,404,431,433,434,506,511,520,523,539,558,566,577,583,600,614,624,636,655,697,713,745,754,768,787,801,803,807,808,816,817,828,837,842,848,855,859,865,874,884,897,905,917,923,924,926,942,950,958,959,970,985
328
329
330
331
332
333,27,120,123,162,201,276,314,377,378,432,439,468,471,511,525,551,558,581,769,796,817,905
334
335
336
337
338
339
340,0,3,5,7,12,14,19,27,28,34,45,46,52,55,59,63,65,67,76,84,112,115,119,120,123,133,150,154,158,160,161,162,163,172,183,185,196,197,200,201,221,229,234,236,244,246,247,257,263,264,266,269,270,291,297,298,303,304,313,314,315,320,327,342,351,355,366,370,377,378,382,387,390,395,396,402,404,413,420,421,429,431,432,433,434,437,441,468,471,478,479,481,482,501,505,506,511,513,520,521,523,525,539,551,558,562,566,571,577,581,583,600,602,604,606,614,617,624,636,655,666,679,697,707,708,710,713,733,737,738,745,751,754,761,762,768,772,786,787,790,801,803,807,808,816,817,828,837,841,842,848,855,859,862,865,870,872,874,878,884,892,897,905,915,917,923,924,926,942,945,950,955,958,959,961,970,973,985,995,996
341
342,5,7,12,14,19,45,46,52,59,65,84,109,112,115,119,123,154,161,172,183,185,196,200,201,221,229,234,236,244,246,247,257,263,264,291,297,303,304,313,315,320,340,351,355,366,378,382,402,404,420,429,431,432,433,434,437,468,479,481,482,501,505,511,520,525,539,551,566,577,581,583,600,602,604,606,614,617,624,636,655,679,697,707,708,737,738,745,762,768,772,787,801,803,807,808,816,828,837,841,848,859,870,874,878,892,897,900,915,923,924,926,945,950,958,959,961,973,985,996
343
344
345
346,958
347
348
349,593
350,51
351,0,3,5,7,12,14,19,27,45,46,52,55,59,63,65,67,76,84,112,115,119,123,133,140,150,154,161,162,163,172,183,185,200,201,221,234,236,244,246,247,263,264,266,269,270,291,297,314,315,340,342,355,365,377,378,382,387,395,402,404,413,420,421,431,432,433,434,441,468,471,478,479,481,482,505,506,511,513,520,521,523,525,551,558,562,566,571,577,581,583,600,602,604,606,614,617,624,636,651,655,666,697,708,710,733,737,738,745,751,754,761,762,768,772,786,787,790,803,807,808,816,828,837,842,848,860,862,870,872,874,878,892,897,905,915,917,923,924,926,936,942,945,950,955,959,961,970,985,995,996
352
353
354
355,7,14,46,59,65,84,112,115,119,120,154,161,172,183,185,200,201,221,234,236,244,247,263,264,297,315,340,342,351,404,420,431,432,433,434,468,481,482,505,511,520,525,551,566,577,581,594,600,602,604,606,612,614,617,624,636,655,697,735,737,738,768,803,807,808,816,848,870,874,892,897,915,917,923,924,945,961,985,996
356,606
357
358
359
360
361
362,420,421,441,482,708,967
363
364
365,55,63,67,140,298,351,395,471,562,575,581,606,726,860,905,936
366,5,7,28,46,52,59,65,112,119,123,154,161,181,185,200,221,229,236,244,246,257,263,279,283,304,315,340,342,378,382,387,404,413,420,429,431,433,434,437,481,501,511,520,521,539,566,577,600,614,624,655,676,679,697,707,708,726,737,751,762,768,772,787,801,803,816,837,841,842,848,878,892,897,924,926,958,959,973,985
367
368
369
370,5,7,14,19,28,34,52,63,65,67,76,112,119,120,123,154,156,158,185,197,200,221,234,247,263,270,291,298,327,340,378,382,396,404,431,433,434,482,506,511,520,523,539,558,566,577,583,600,614,624,634,636,655,697,713,745,754,768,786,787,801,803,807,808,816,817,828,837,842,848,855,859,865,874,884,897,905,917,923,924,926,942,950,958,959,970,985
371
372
373
374
375
376,153
377,0,3,5,7,12,14,19,27,52,55,65,119,123,154,161,162,163,169,183,185,200,201,221,234,244,247,263,266,291,297,314,333,340,351,378,382,387,395,402,420,421,431,432,433,434,478,479,481,482,506,511,520,521,525,551,558,566,571,577,581,604,624,655,666,697,707,708,710,733,737,738,745,751,803,808,816,837,842,848,878,892,924,926,950,959,970,985,995
378,0,3,5,7,12,14,19,27,28,34,46,52,55,59,63,65,67,76,112,119,120,123,133,154,158,161,162,163,183,185,197,200,221,229,234,236,244,246,247,257,263,266,269,270,276,291,297,298,304,315,327,333,340,342,351,366,370,377,382,387,395,396,402,404,420,421,429,431,432,433,434,437,439,471,478,479,481,482,501,506,511,520,521,523,525,539,551,558,566,571,577,583,600,602,604,614,624,636,655,666,679,697,708,710,713,733,737,738,745,751,754,762,768,772,787,801,803,807,808,816,817,828,837,841,842,848,855,859,865,874,878,884,892,897,905,917,923,924,926,942,950,955,958,959,970,973,985,995
379
380
381
382,0,3,5,7,12,14,19,27,28,34,45,46,52,55,59,63,65,67,76,112,119,120,123,150,154,158,160,161,162,163,183,185,196,197,200,201,221,229,234,236,244,246,247,257,263,266,270,291,297,298,303,304,313,314,315,320,327,340,342,351,366,370,377,378,387,390,395,396,402,404,413,420,421,429,431,432,433,434,437,441,478,479,481,482,501,506,511,513,520,521,523,525,539,551,558,562,566,571,577,581,583,600,604,606,614,617,624,636,655,666,679,697,707,708,710,713,733,737,738,745,751,754,761,762,768,772,786,787,790,801,803,807,808,816,817,828,837,841,842,848,855,859,862,865,868,872,874,878,884,892,897,905,917,923,924,926,936,942,945,950,958,959,961,970,973,985,995,996
383
384
385
386,165,787
387,0,3,5,7,12,14,19,27,45,46,52,55,65,119,120,123,150,154,161,162,163,183,185,200,201,221,234,236,244,246,247,263,266,270,291,297,314,340,351,366,377,378,382,395,402,413,421,429,431,432,433,434,441,478,479,481,482,506,511,513,520,521,523,525,551,558,562,566,571,577,583,600,604,606,614,624,636,655,666,697,708,710,726,733,737,738,744,745,751,754,761,772,786,787,790,803,807,808,816,828,837,842,848,862,872,878,892,897,917,924,926,942,945,950,959,961,970,973,985,995
388
389
390,5,7,19,46,65,150,154,160,161,185,197,200,221,229,250,263,291,297,304,313,315,340,382,413,421,431,432,433,434,479,481,506,520,523,525,551,566,577,600,614,617,624,655,697,745,772,787,801,803,808,816,837,848,855,892,926,942,945,950,958,959,985,987
391
392,156,163,246,396,871,942
393
394
395,0,3,5,7,9,12,14,19,27,52,55,65,119,123,154,161,162,163,172,183,185,200,221,234,244,247,263,266,291,297,340,351,365,377,378,382,387,402,421,431,432,433,434,468,471,478,479,481,482,506,511,520,521,525,551,558,562,566,571,577,580,604,624,655,666,697,708,710,733,737,738,745,751,803,808,816,837,842,848,860,878,892,900,923,924,926,950,959,970,982,985,995,996
396,5,7,14,19,28,34,52,63,65,67,76,112,119,120,123,154,158,185,200,221,234,247,263,270,289,291,298,327,340,370,378,382,392,404,413,416,431,433,434,486,506,511,520,523,539,558,566,577,583,600,614,624,636,642,655,679,697,710,713,745,754,768,769,787,801,803,807,808,816,817,828,837,842,848,855,859,865,874,884,897,905,917,923,924,926,942,950,958,959,970,976,985
397
398
399
400
401
402,0,3,5,7,12,14,19,27,46,52,55,65,73,119,123,133,154,160,161,162,163,183,185,196,200,205,221,234,236,244,247,263,266,269,270,291,297,303,304,313,315,320,340,342,351,377,378,382,387,395,404,416,421,431,432,433,434,437,471,478,479,481,482,506,511,520,521,525,551,558,566,571,577,581,583,600,602,604,614,617,624,636,650,655,666,679,697,707,708,710,733,737,738,745,751,754,762,790,803,808,816,817,828,837,842,848,859,860,874,878,892,897,903,924,926,950,955,958,959,970,985,995,996
403
404,5,7,12,14,19,28,34,46,52,59,63,65,67,76,84,112,115,119,120,123,133,141,154,158,159,161,169,172,183,185,196,200,201,213,221,229,234,236,244,246,247,257,263,264,269,270,291,297,298,303,304,313,315,320,327,340,342,351,355,366,370,378,382,396,402,420,429,431,432,433,434,437,468,471,478,479,481,482,486,501,505,506,511,520,523,525,539,551,558,566,571,577,581,583,600,602,604,606,614,617,624,636,655,679,697,707,708,713,737,738,745,754,762,768,772,787,801,803,807,808,816,817,828,837,841,842,848,855,859,865,870,874,878,884,892,897,900,905,915,917,923,924,926,942,945,950,955,958,959,961,970,973,985,996
405
406
407
408
409
410
411
412
413,5,7,12,19,45,46,52,65,119,150,154,160,161,163,181,185,197,200,201,221,229,231,234,236,244,246,247,263,270,289,291,297,304,313,314,315,340,351,366,382,387,390,396,416,431,432,433,434,441,479,481,506,513,520,523,525,551,562,566,577,583,600,606,614,617,624,636,655,697,708,710,737,741,745,751,754,761,769,772,786,787,790,801,803,807,808,816,828,837,842,848,855,862,872,874,892,897,917,924,926,942,945,950,958,959,961,970,985
414
415,593
416,52,73,297,396,402,413,481,679,710,754,769,845,860,976
417
418
419
420,5,7,14,46,52,59,65,84,112,115,119,123,140,154,161,172,183,185,200,201,205,218,221,229,234,236,244,246,247,257,263,264,297,304,315,340,342,351,355,362,366,377,378,382,404,421,429,431,432,433,434,437,468,481,482,501,505,511,520,525,539,551,566,577,578,581,600,602,604,606,614,617,624,636,655,666,679,686,697,708,737,738,762,768,772,787,801,803,807,808,816,837,841,848,870,874,878,892,897,900,915,923,924,926,945,958,959,961,967,973,985,995,996
421,0,3,5,7,12,14,19,27,52,55,65,119,123,154,161,162,163,183,185,200,221,234,244,247,256,263,266,291,297,340,351,362,377,378,382,387,390,395,402,420,431,432,433,434,478,479,481,482,506,511,520,521,523,525,551,558,566,571,577,602,604,624,638,655,665,666,697,708,710,713,733,737,738,741,745,751,803,808,816,837,842,848,878,892,915,917,924,926,950,959,970,973,985,987,995
422
423
424
425
426
427
428
429,5,7,28,46,52,59,65,112,119,123,154,161,185,200,221,229,236,244,246,257,263,279,283,304,315,340,342,366,378,382,387,404,420,431,433,434,437,481,501,511,520,521,539,566,577,600,614,624,655,676,679,697,707,708,726,737,751,762,768,772,775,787,801,803,816,837,841,848,878,892,897,924,926,958,959,973,985
430
431,0,3,5,7,12,14,19,27,28,34,45,46,52,55,59,63,65,67,76,84,112,115,119,120,123,133,150,154,158,160,161,162,163,172,183,185,196,197,200,201,221,229,234,236,244,246,247,257,263,264,266,269,270,291,297,298,303,304,313,314,315,320,327,340,342,351,355,366,370,377,378,382,387,390,395,396,402,404,413,420,421,429,432,433,434,437,441,468,471,478,479,481,482,501,505,506,511,513,520,521,523,525,539,551,558,562,566,571,577,581,583,600,602,604,606,614,617,624,636,655,666,679,697,707,708,710,713,733,737,738,745,751,754,761,762,768,772,786,787,790,801,803,807,808,816,817,828,837,841,842,848,855,859,862,865,870,872,874,878,884,892,897,905,915,917,923,924,926,942,945,950,955,958,959,961,970,973,985,995,996
432,0,3,5,7,12,14,19,27,45,46,52,55,59,65,84,112,115,119,123,150,154,160,161,162,163,172,183,185,196,197,200,201,221,229,234,236,244,246,247,263,264,266,270,291,297,303,304,313,314,315,320,333,340,342,351,355,377,378,382,387,390,395,402,404,413,420,421,431,433,434,437,441,468,478,479,481,482,505,506,511,513,520,521,523,525,551,558,562,566,571,577,581,583,600,602,604,606,614,617,624,636,655,666,679,697,707,708,710,733,737,738,745,751,754,761,768,772,786,787,790,801,803,807,808,816,828,837,842,848,855,859,862,870,872,874,878,892,897,915,917,923,924,926,942,945,950,958,959,961,970,985,995,996
433,0,3,5,7,12,14,19,27,28,34,45,46,52,55,59,63,65,67,76,84,112,115,119,120,123,133,150,154,158,160,161,162,163,172,183,185,196,197,200,201,221,229,234,236,244,246,247,257,263,264,266,269,270,291,297,298,303,304,313,314,315,320,327,340,342,351,355,366,370,377,378,382,387,390,395,396,402,404,413,420,421,429,431,432,434,437,441,468,471,478,479,481,482,501,505,506,511,513,520,521,523,525,539,551,558,562,566,571,577,581,583,600,602,604,606,614,617,624,636,655,666,679,697,707,708,710,713,733,737,738,745,751,754,761,762,768,772,786,787,790,801,803,807,808,816,817,828,837,841,842,848,855,859,862,865,870,872,874,878,884,892,897,905,915,917,923,924,926,942,945,950,955,958,959,961,970,973,985,995,996
434,0,3,5,7,12,14,19,27,28,34,45,46,52,55,59,63,65,67,76,84,112,115,119,120,123,133,150,154,158,160,161,162,163,172,183,185,196,197,200,201,221,229,234,236,244,246,247,257,263,264,266,269,270,291,297,298,303,304,313,314,315,320,327,340,342,351,355,366,370,377,378,382,387,390,395,396,402,404,413,420,421,429,431,432,433,437,441,468,471,478,479,481,482,501,505,506,511,513,520,521,523,525,539,551,558,562,566,571,577,581,583,600,602,604,606,614,617,624,636,655,666,679,697,707,708,710,713,733,737,738,745,751,754,761,762,768,772,786,787,790,801,803,807,808,816,817,828,837,841,842,848,855,859,862,865,870,872,874,878,884,892,897,905,915,917,923,924,926,942,945,950,955,958,959,961,970,973,985,995,996
435
436
437,5,7,12,19,46,52,55,59,65,84,101,112,119,123,154,161,185,196,200,221,229,236,244,246,247,257,263,279,283,291,296,303,304,313,315,320,340,342,366,378,382,402,404,420,429,431,432,433,434,479,481,501,511,520,539,566,577,581,583,600,604,614,617,624,636,655,679,697,707,708,726,737,745,762,768,772,787,801,803,808,816,828,837,841,848,859,874,878,892,897,924,926,950,958,959,973,985,996
438
439,120,123,162,196,276,333,378,511,525,551,558
440
441,5,7,12,19,45,46,52,65,119,150,154,161,185,200,201,221,234,236,244,246,247,263,270,291,314,340,351,362,382,387,413,431,432,433,434,506,513,520,523,562,566,577,583,600,606,614,624,636,655,697,710,737,745,751,754,761,772,786,787,790,803,807,808,816,828,837,842,848,862,872,892,897,917,924,926,942,945,950,961,967,970,976,985
442
443
444
445
446
447
448,672
449
450
451
452
453
454
455
456,244,246,521,737,805,824
457
458
459
460,0,112,115,133,248,279,291,320,468,562,614,754,762,775,801,813,841,862,878,897,917,936,959,961
461
462
463
464
465
466,61
467
468,7,9,14,27,46,59,65,84,112,115,119,154,160,161,172,183,185,200,201,221,234,236,244,247,263,264,297,315,333,340,342,351,355,395,404,420,431,432,433,434,460,481,482,505,511,520,525,551,562,566,577,580,581,600,602,604,606,614,617,624,636,655,697,733,737,738,754,762,768,790,801,803,807,808,816,844,848,855,870,874,892,897,900,915,923,924,936,945,961,985,996
469
470
471,5,7,14,19,46,55,63,65,67,119,133,140,154,161,185,200,221,234,263,269,270,297,333,340,351,365,378,395,402,404,431,433,434,478,481,506,511,520,525,558,562,566,571,577,583,600,602,604,606,614,624,636,655,697,708,745,754,762,769,796,803,816,828,837,848,860,892,905,923,924,926,936,950,955,973,985
472
473
474
475
476
477
478,0,3,5,7,12,14,19,27,46,52,55,65,119,123,133,154,161,162,163,183,185,200,221,229,234,244,247,263,266,269,270,291,297,340,351,377,378,382,387,395,402,404,421,431,432,433,434,471,479,481,482,506,511,520,521,525,551,558,566,571,577,583,600,602,604,614,624,636,655,666,697,708,710,733,737,738,745,751,754,762,803,808,816,828,837,842,848,859,878,892,924,926,950,955,959,970,985,995
479,0,3,5,7,12,14,19,27,46,52,55,65,119,123,154,160,161,162,163,169,183,185,196,197,200,221,229,234,236,244,247,263,266,291,297,303,304,313,315,320,340,342,351,377,378,382,387,390,395,402,404,413,421,431,432,433,434,437,478,481,482,506,511,520,521,525,551,558,566,571,577,581,583,600,604,614,617,624,636,655,666,679,697,707,708,710,733,737,738,745,751,772,787,801,803,808,816,828,837,842,848,850,855,859,860,874,878,888,892,897,924,926,942,945,950,958,959,970,985,995,996
480,285
481,0,3,5,7,12,14,19,27,46,52,55,59,65,73,84,112,115,119,123,133,154,160,161,162,163,172,183,185,196,197,200,201,221,229,234,236,244,246,247,257,263,264,266,269,270,291,297,303,304,313,315,320,340,342,351,355,366,377,378,382,387,390,395,402,404,413,416,420,421,429,431,432,433,434,437,468,471,478,479,482,501,505,506,511,520,521,525,539,551,558,566,571,577,581,583,600,602,604,606,614,617,624,636,655,666,679,697,707,708,710,733,737,738,745,751,754,762,768,772,787,801,803,807,808,816,828,837,841,842,848,855,859,860,870,874,878,892,897,915,923,924,926,942,945,950,955,958,959,961,970,973,985,995,996
482,0,3,5,7,12,14,19,27,46,52,55,59,65,84,112,115,119,123,154,156,161,162,163,172,183,185,200,201,221,234,236,244,247,263,264,266,291,297,315,340,342,351,355,362,370,377,378,382,387,395,402,404,420,421,431,432,433,434,468,478,479,481,505,506,511,520,521,525,551,558,566,571,577,581,600,602,604,606,614,617,624,636,655,666,697,708,710,733,737,738,745,751,768,803,807,808,816,837,842,848,870,874,878,892,897,915,923,924,926,945,950,959,961,970,985,995,996
483
484
485
486,27,123,159,160,162,169,216,289,396,404,511,525,539,551,558,775,872,874
487
488
489
490
491
492,67,651
493
494
495
496
497
498,871
499,181
500
501,5,7,28,46,52,59,65,112,119,123,154,161,185,200,221,229,236,244,246,257,263,279,283,304,315,340,342,366,378,382,404,420,429,431,433,434,437,481,511,520,539,566,577,600,614,624,655,676,679,697,707,708,726,737,762,768,772,775,787,801,803,816,837,841,848,878,892,897,924,926,958,959,973,985
502,523,733,837
503
504
505,7,14,45,46,59,65,84,112,115,119,154,161,172,183,185,200,201,221,234,236,244,247,263,264,297,303,315,340,342,351,355,404,420,431,432,433,434,468,481,482,511,520,525,551,566,577,581,600,602,604,606,607,614,617,624,636,651,655,697,737,738,768,790,803,807,808,816,848,870,874,892,897,915,923,924,945,961,985,996
506,0,3,5,7,12,14,19,27,28,34,45,46,52,55,63,65,67,76,112,119,120,123,133,150,154,158,160,161,162,163,183,185,197,200,201,221,229,234,236,244,246,247,256,263,266,269,270,289,291,297,298,303,304,313,314,315,327,340,351,370,377,378,382,387,390,395,396,402,404,413,421,431,432,433,434,441,471,478,479,481,482,511,513,520,521,523,525,539,551,558,562,566,571,577,583,600,602,604,606,614,617,624,636,655,666,697,708,710,713,733,737,738,745,751,754,761,762,768,772,786,787,790,801,803,807,808,816,817,828,837,842,848,855,859,862,865,872,874,878,884,892,897,905,917,923,924,926,942,945,950,955,958,959,961,970,973,985,995
507
508
509
510
511,0,3,5,7,12,14,19,27,28,34,46,52,55,59,63,65,67,76,84,112,115,119,120,123,133,154,158,161,162,163,172,183,185,200,201,221,229,234,236,244,246,247,257,263,264,266,269,270,276,289,291,297,298,304,315,320,327,333,340,342,351,355,366,370,377,378,382,387,395,396,402,404,420,421,429,431,432,433,434,437,439,468,471,478,479,481,482,486,501,505,506,520,521,523,525,539,551,558,566,571,577,581,583,600,602,604,606,614,617,624,636,655,666,679,697,708,710,713,733,737,738,745,751,754,762,768,772,787,801,803,807,808,816,817,828,837,841,842,848,855,859,865,870,874,878,884,892,897,905,915,917,923,924,926,942,945,950,955,958,959,961,970,973,985,995,996
512
513,5,7,12,19,45,46,52,65,105,119,150,154,161,185,200,201,221,234,236,244,246,247,263,270,291,314,340,351,382,387,413,431,432,433,434,441,506,520,523,562,566,577,583,600,606,614,624,636,655,697,710,737,745,751,754,761,772,786,787,790,803,807,808,816,828,837,842,845,848,862,872,892,897,917,924,926,942,945,950,961,970,985
514
515
516
517
518
519
520,0,3,5,7,12,14,19,27,28,34,45,46,52,55,59,63,65,67,76,84,112,115,119,120,123,133,150,154,158,160,161,162,163,172,183,185,196,197,200,201,221,229,234,236,244,246,247,257,263,264,266,269,270,291,297,298,303,304,313,314,315,320,327,340,342,351,355,366,370,377,378,382,387,390,395,396,402,404,413,420,421,429,431,432,433,434,437,441,468,471,478,479,481,482,501,505,506,511,513,521,523,525,539,551,558,562,566,571,577,581,583,600,602,604,606,614,617,624,636,655,666,679,697,707,708,710,713,733,737,738,745,751,754,761,762,768,772,786,787,790,801,803,807,808,816,817,828,837,841,842,848,855,859,862,865,870,872,874,878,884,892,897,905,915,917,923,924,926,942,945,950,955,958,959,961,970,973,985,995,996
521,0,3,5,7,12,14,19,27,52,55,65,119,123,154,161,162,163,183,185,200,221,234,244,246,247,263,266,291,297,340,351,366,377,378,382,387,395,402,421,429,431,432,433,434,456,478,479,481,482,506,511,520,525,551,558,566,571,577,604,624,655,666,697,708,710,733,737,738,745,751,803,805,808,816,824,837,842,848,878,892,924,926,950,959,970,973,985,995
522
523,5,7,12,14,19,28,34,45,46,52,63,65,67,76,112,119,120,123,150,154,158,161,185,200,201,221,234,236,244,246,247,263,266,270,291,297,298,314,327,340,351,370,378,382,387,390,396,404,413,421,431,432,433,434,441,502,506,511,513,520,539,558,562,566,577,581,583,600,606,614,624,636,655,697,707,710,713,733,737,745,751,754,761,768,772,786,787,790,801,803,807,808,816,817,828,837,842,848,855,859,862,865,872,874,884,892,897,905,917,923,924,926,942,945,950,958,959,961,970,985,987
524
525,0,3,5,7,12,14,19,27,46,52,55,59,65,84,112,115,119,120,123,133,154,160,161,162,163,172,183,185,197,200,201,221,229,234,236,244,247,263,264,266,269,270,276,289,291,297,303,304,313,315,333,340,342,351,355,377,378,382,387,390,395,402,404,413,420,421,431,432,433,434,439,468,471,478,479,481,482,486,505,506,511,520,521,551,558,566,571,577,581,583,600,602,604,606,614,617,624,636,655,666,697,708,710,733,737,738,745,751,754,762,768,772,787,801,803,807,808,816,828,837,842,848,855,870,874,878,892,897,915,923,924,926,942,945,950,955,958,959,961,970,985,995,996
526
527
528
529
530
531
532
533
534
535,282,987
536
537,14,20,39,67,160,163,197,600,604,769,817,910,982
538
539,5,7,14,19,28,34,46,52,59,63,65,67,76,112,119,120,123,150,154,158,159,161,169,185,200,205,221,229,234,236,244,246,247,257,263,270,291,298,304,315,327,340,342,366,370,378,382,396,404,420,429,431,433,434,437,481,486,501,506,511,520,523,558,562,566,577,583,600,610,614,624,636,655,679,697,708,713,737,745,754,762,768,772,787,801,803,807,808,816,817,828,837,841,842,848,852,855,859,865,868,874,878,884,892,897,905,917,923,924,926,936,940,942,950,958,959,970,973,985
540
541
542
543
544
545
546
547
548
549
550
551,0,3,5,7,12,14,19,27,46,52,55,59,65,84,112,115,119,120,123,154,160,161,162,163,172,183,185,197,200,201,221,229,234,236,244,247,263,264,266,276,289,291,297,304,313,314,315,333,340,342,351,355,377,378,382,387,390,395,402,404,413,420,421,431,432,433,434,439,468,478,479,481,482,486,505,506,511,520,521,525,558,566,571,577,581,600,602,604,606,614,617,624,636,655,666,697,708,710,733,737,738,745,751,768,772,787,801,803,807,808,816,837,842,848,855,870,874,878,892,897,915,923,924,926,942,945,950,958,959,961,970,985,995,996
552
553,810
554
555
556
557
558,0,3,5,7,12,14,19,27,28,34,46,52,55,63,65,67,76,112,119,120,123,133,154,158,161,162,163,183,185,200,221,234,244,247,263,266,269,270,276,289,291,297,298,303,327,333,340,351,370,377,378,382,387,395,396,402,404,421,431,432,433,434,439,471,478,479,481,482,486,506,511,520,521,523,525,539,551,566,571,577,581,583,600,602,604,614,624,636,655,666,697,707,708,710,713,733,737,738,745,751,754,762,768,787,801,803,807,808,816,817,828,837,842,848,855,859,865,874,878,884,892,897,905,917,923,924,926,942,950,955,958,959,970,985,995
559
560
561
562,5,7,12,19,45,46,52,55,65,115,119,123,150,154,161,185,200,201,221,234,236,244,246,247,263,270,291,304,314,340,351,365,382,387,395,413,431,432,433,434,441,460,468,471,506,513,520,523,539,566,577,583,600,606,614,624,636,655,697,710,726,737,745,751,754,761,762,772,786,787,790,801,803,807,808,816,828,837,842,848,860,862,868,872,892,897,905,917,924,926,936,942,945,950,961,970,985
563
564
565
566,0,3,5,7,12,14,19,27,28,34,45,46,52,55,59,63,65,67,76,84,112,115,119,120,123,133,150,154,158,160,161,162,163,172,183,185,196,197,200,201,221,229,234,236,244,246,247,257,263,264,266,269,270,291,297,298,303,304,313,314,315,320,327,340,342,351,355,366,370,377,378,382,387,390,395,396,402,404,413,420,421,429,431,432,433,434,437,441,468,471,478,479,481,482,501,505,506,511,513,520,521,523,525,539,551,558,562,571,577,581,583,600,602,604,606,614,617,624,636,655,666,679,697,707,708,710,713,733,737,738,745,751,754,761,762,768,772,786,787,790,801,803,807,808,816,817,828,837,841,842,848,855,859,862,865,870,872,874,878,884,892,897,905,915,917,923,924,926,942,945,950,955,958,959,961,970,973,985,995,996
567,93
568
569
570
571,0,3,5,7,12,14,19,27,46,52,55,65,110,119,123,133,154,161,162,163,183,185,200,221,234,244,247,263,266,269,270,291,297,340,351,377,378,382,387,395,402,404,421,431,432,433,434,471,478,479,481,482,506,511,520,521,525,551,558,566,577,583,600,602,604,614,624,636,655,666,697,708,710,733,737,738,745,751,754,762,803,808,816,828,837,842,845,848,878,892,924,926,950,955,959,970,985,995
572
573
574
575,365,744,761
576
577,0,3,5,7,12,14,19,27,28,34,45,46,52,55,59,63,65,67,76,84,112,115,119,120,123,133,150,154,158,160,161,162,163,172,183,185,196,197,200,201,221,229,234,236,244,246,247,257,263,264,266,269,270,291,297,298,303,304,313,314,315,320,327,340,342,351,355,366,370,377,378,382,387,390,395,396,402,404,413,420,421,429,431,432,433,434,437,441,468,471,478,479,481,482,501,505,506,511,513,520,521,523,525,539,551,558,562,566,571,581,583,600,602,604,606,614,617,624,636,655,666,679,697,707,708,710,713,733,737,738,745,751,754,761,762,768,772,786,787,790,801,803,807,808,816,817,828,837,841,842,848,855,859,862,865,870,872,874,878,884,892,897,905,915,917,923,924,926,942,945,950,955,958,959,961,970,973,985,995,996
578,183,218,420,607,666,708,762,915,995
579
580,9,395,468,583,733,786,900,923,942,996
581,5,7,12,14,19,27,46,52,59,65,76,84,112,115,119,154,161,169,172,183,185,196,200,201,221,234,236,244,247,263,264,266,291,297,298,303,304,313,314,315,320,333,340,342,351,355,365,377,382,402,404,420,431,432,433,434,437,468,479,481,482,505,511,520,523,525,551,558,566,577,583,600,602,604,606,614,617,624,636,655,679,697,707,737,738,745,768,803,807,808,816,828,848,859,870,874,892,897,915,923,924,945,950,958,961,985,996
582
583,5,7,12,14,19,28,34,45,46,52,63,65,67,76,112,119,120,123,133,150,154,158,161,185,196,200,201,221,234,236,244,246,247,257,263,269,270,291,297,298,303,304,313,314,315,320,327,340,342,351,370,378,382,387,396,402,404,413,431,432,433,434,437,441,471,478,479,481,506,511,513,520,523,525,539,558,562,566,571,577,580,581,600,602,604,606,614,617,624,636,637,655,679,697,707,708,710,713,737,741,745,751,754,761,762,768,772,786,787,790,801,803,807,808,816,817,828,837,842,848,855,859,862,865,872,874,884,892,897,905,917,923,924,926,942,945,950,955,958,959,961,970,985,996
584
585
586
587
588
589,862
590
591
592
593,349,415
594,213,355,735
595
596
597
598
599
600,5,7,12,14,19,28,34,45,46,52,59,63,65,67,76,84,112,115,119,120,123,133,150,154,158,160,161,172,183,185,197,200,201,221,229,234,236,244,246,247,257,263,264,269,270,291,297,298,304,313,314,315,327,340,342,351,355,366,370,378,382,387,390,396,402,404,413,420,429,431,432,433,434,437,441,468,471,478,479,481,482,501,505,506,511,513,520,523,525,537,539,551,558,562,566,571,577,581,583,602,604,606,614,617,624,636,655,679,697,708,710,713,737,738,745,751,754,761,762,768,772,786,787,790,801,803,807,808,816,817,828,837,841,842,848,855,859,862,865,870,872,874,878,884,892,897,905,915,917,923,924,926,942,945,950,955,958,959,961,970,973,985,996
601
602,5,7,14,19,46,59,65,84,112,115,119,133,154,161,172,183,185,200,201,221,234,236,244,247,263,264,269,270,297,315,340,342,351,355,378,402,404,420,421,431,432,433,434,468,471,478,481,482,505,506,511,520,525,551,558,566,571,577,581,583,600,604,606,614,617,624,636,638,655,666,697,708,737,738,741,745,754,762,768,803,807,808,816,828,837,848,870,874,892,897,915,923,924,926,945,950,955,961,985,996
603
604,0,3,5,7,12,14,19,20,27,39,46,52,55,59,65,67,84,112,115,119,123,133,150,154,160,161,162,163,172,183,185,196,200,201,221,234,236,244,247,263,264,266,269,270,289,291,297,303,304,313,315,320,340,342,351,355,377,378,382,387,395,402,404,420,421,431,432,433,434,437,468,471,478,479,481,482,505,506,511,520,521,525,537,551,558,566,571,577,581,583,600,602,606,614,617,624,636,655,666,679,697,707,708,710,733,737,738,745,751,754,762,768,769,803,807,808,816,817,828,837,842,848,855,859,870,874,878,892,897,900,910,915,923,924,926,945,950,955,958,959,961,970,982,985,995,996
605
606,5,7,12,14,19,45,46,52,59,63,65,67,84,105,112,115,119,140,150,154,161,172,183,185,200,201,221,234,236,244,246,247,263,264,270,291,297,314,315,340,342,351,355,356,365,382,387,404,413,420,431,432,433,434,441,468,471,481,482,505,506,511,513,520,523,525,551,562,566,577,581,583,600,602,604,614,617,624,636,655,697,710,737,738,745,751,754,761,768,772,786,787,790,803,807,808,816,828,837,842,845,848,860,862,870,872,874,892,897,905,915,917,923,924,926,936,942,945,950,961,970,985,996
607,45,119,303,505,578,651,790,850
608
609
610,63,205,539,809,852,874,884
611
612,355
613
614,5,7,12,14,19,28,34,45,46,52,59,63,65,67,76,84,112,115,119,120,123,133,150,154,158,160,161,172,183,185,196,197,200,201,221,229,234,236,244,246,247,257,263,264,269,270,291,297,298,303,304,313,314,315,320,327,340,342,351,355,366,370,378,382,387,390,396,402,404,413,420,429,431,432,433,434,437,441,460,468,471,478,479,481,482,501,505,506,511,513,520,523,525,539,551,558,562,566,571,577,581,583,600,602,604,606,617,624,636,655,679,697,707,708,710,713,737,738,745,751,754,761,762,768,772,786,787,790,801,803,807,808,816,817,828,837,841,842,848,855,859,862,865,870,872,874,878,884,892,897,905,915,917,923,924,926,936,942,945,950,955,958,959,961,970,973,985,996
615
616
617,5,7,12,14,19,46,52,59,65,84,112,115,119,154,160,161,172,183,185,196,197,200,201,221,229,234,236,244,247,263,264,291,297,303,304,313,315,320,340,342,351,355,382,390,402,404,413,420,431,432,433,434,437,468,479,481,482,505,506,511,520,525,551,566,577,581,583,600,602,604,606,614,624,636,655,679,697,707,737,738,745,768,772,787,801,803,807,808,816,828,837,848,855,859,870,874,892,897,915,923,924,926,942,945,950,958,959,961,985,996
618
619
620
621
622
623
624,0,3,5,7,12,14,19,27,28,34,45,46,52,55,59,63,65,67,76,84,112,115,119,120,123,133,150,154,158,160,161,162,163,172,183,185,196,197,200,201,221,229,234,236,244,246,247,257,263,264,266,269,270,291,297,298,303,304,313,314,315,320,327,340,342,351,355,366,370,377,378,382,387,390,395,396,402,404,413,420,421,429,431,432,433,434,437,441,468,471,478,479,481,482,501,505,506,511,513,520,521,523,525,539,551,558,562,566,571,577,581,583,600,602,604,606,614,617,636,655,666,679,697,707,708,710,713,733,737,738,745,751,754,761,762,768,772,786,787,790,801,803,807,808,816,817,828,837,841,842,848,855,859,862,865,870,872,874,878,884,892,897,905,915,917,923,924,926,942,945,950,955,958,959,961,970,973,985,995,996
625
626
627
628
629
630
631,159,855
632
633
634,34,76,160,370
635
636,5,7,12,14,19,28,34,45,46,52,59,63,65,67,76,84,112,115,119,120,123,133,150,154,158,161,172,183,185,196,200,201,218,221,234,236,244,246,247,263,264,269,270,291,297,298,303,304,313,314,315,320,327,340,342,351,355,370,378,382,387,396,402,404,413,420,431,432,433,434,437,441,468,471,478,479,481,482,505,506,511,513,520,523,525,539,551,558,562,566,571,577,581,583,600,602,604,606,614,617,624,655,679,697,707,708,710,713,715,737,738,745,751,754,761,762,768,772,786,787,790,801,803,807,808,816,817,828,837,842,848,855,859,862,865,870,872,874,884,892,897,905,915,917,923,924,926,942,945,950,955,958,959,961,970,985,996
637,161,257,304,583
638,110,114,115,183,421,602,666,708,741,915
639
640
641
642,52,55,63,73,266,289,298,304,396
643
644
645
646
647
648
649
650,19,205,270,402,751,790,817,828,903,950,995
651,45,119,303,351,492,505,607,786,790
652
653
654
655,0,3,5,7,12,14,19,27,28,34,45,46,52,55,59,63,65,67,76,84,112,115,119,120,123,133,150,154,158,160,161,162,163,172,183,185,196,197,200,201,221,229,234,236,244,246,247,257,263,264,266,269,270,291,297,298,303,304,313,314,315,320,327,340,342,351,355,366,370,377,378,382,387,390,395,396,402,404,413,420,421,429,431,432,433,434,437,441,468,471,478,479,481,482,501,505,506,511,513,520,521,523,525,539,551,558,562,566,571,577,581,583,600,602,604,606,614,617,624,636,666,679,697,707,708,710,713,733,737,738,745,751,754,761,762,768,772,786,787,790,801,803,807,808,816,817,828,837,841,842,848,855,859,862,865,870,872,874,878,884,892,897,905,915,917,923,924,926,942,945,950,955,958,959,961,970,973,985,995,996
656
657
658
659
660
661
662
663
664
665,421,709
666,0,3,5,7,12,14,19,27,52,55,65,67,119,123,154,161,162,163,183,185,200,218,221,234,244,247,263,266,291,297,303,340,351,377,378,382,387,395,402,420,421,431,432,433,434,478,479,481,482,506,511,520,521,525,551,558,566,571,577,578,602,604,624,638,655,697,708,710,733,737,738,741,745,751,762,787,803,808,816,837,842,848,878,892,915,924,926,950,959,970,985,995
667
668
669
670
671
672,244,246,448,737,751,796
673
674
675
676,28,229,283,315,366,429,501,726,768
677
678
679,5,7,12,19,46,52,59,65,112,119,123,154,161,185,196,200,221,229,236,244,246,247,257,263,279,283,291,303,304,313,315,320,340,342,366,378,382,396,402,404,416,420,429,431,432,433,434,437,479,481,501,511,520,539,566,577,581,583,600,604,614,617,624,636,655,697,707,708,726,737,745,762,768,772,787,801,803,808,816,828,837,841,848,859,874,878,892,897,924,926,950,958,959,973,976,985,996
680
681
682
683
684,12
685,115
686,0,219,420,900,945,967
687
688
689
690
691
692
693
694
695
696
697,0,3,5,7,12,14,19,27,28,34,45,46,52,55,59,63,65,67,76,84,112,115,119,120,123,133,150,154,158,160,161,162,163,172,183,185,196,197,200,201,221,229,234,236,244,246,247,257,263,264,266,269,270,291,297,298,303,304,313,314,315,320,327,340,342,351,355,366,370,377,378,382,387,390,395,396,402,404,413,420,421,429,431,432,433,434,437,441,468,471,478,479,481,482,501,505,506,511,513,520,521,523,525,539,551,558,562,566,571,577,581,583,600,602,604,606,614,617,624,636,655,666,679,707,708,710,713,733,737,738,745,751,754,761,762,768,772,786,787,790,801,803,807,808,816,817,828,837,841,842,848,855,859,862,865,870,872,874,878,884,892,897,905,915,917,923,924,926,942,945,950,955,958,959,961,970,973,985,995,996
698
699
700
701
702
703,865
704
705
706
707,5,12,19,46,52,65,119,154,161,169,185,196,200,221,236,247,263,266,279,283,291,303,304,313,315,320,340,342,366,377,382,402,404,429,431,432,433,434,437,479,481,501,520,523,558,566,577,581,583,604,614,617,624,636,655,679,697,726,745,768,803,808,816,828,848,859,874,892,897,950,958,985,996
708,0,3,5,7,12,14,19,27,46,52,55,59,65,112,119,123,133,154,161,162,163,181,183,185,200,218,221,229,234,236,244,246,247,257,263,266,269,270,291,297,304,315,340,342,351,362,366,377,378,382,387,395,402,404,413,420,421,429,431,432,433,434,437,471,478,479,481,482,501,506,511,520,521,525,539,551,558,566,571,577,578,583,600,602,604,614,624,636,638,655,666,679,697,710,733,737,738,741,745,751,754,762,772,787,801,803,808,816,828,837,841,842,848,878,892,897,915,924,926,950,955,958,959,970,973,985,995
709,665
710,0,3,5,7,12,14,19,27,45,46,52,55,65,119,123,150,154,161,162,163,183,185,200,201,221,234,236,244,246,247,250,263,266,270,291,297,314,340,351,377,378,382,387,395,396,402,413,416,421,431,432,433,434,441,478,479,481,482,506,511,513,520,521,523,525,551,558,562,566,571,577,583,600,604,606,614,624,636,655,666,697,708,733,737,738,745,751,754,761,769,772,786,787,790,803,807,808,816,828,837,842,848,862,872,878,892,897,917,924,926,942,945,950,959,961,970,985,995
711,82,715,781
712
713,5,7,14,19,28,34,52,63,65,67,76,112,119,120,123,154,158,160,185,200,221,234,247,256,263,270,291,298,327,340,370,378,382,396,404,421,431,433,434,506,511,520,523,539,558,566,577,583,600,614,624,636,655,697,745,754,768,787,801,803,807,808,816,817,828,837,842,848,850,855,859,865,874,884,897,905,917,923,924,926,942,950,958,959,970,973,985
714
715,82,112,123,205,236,264,315,320,636,711
716
717,817,924
718
719
720
721
722
723,292
724
725
726,12,23,28,120,169,229,279,283,315,365,366,387,429,437,501,562,676,679,707,744,768,878,945,996
727
728
729
730
731
732
733,0,3,5,7,9,12,14,19,27,52,55,65,119,123,154,161,162,163,183,185,200,221,234,244,247,263,266,291,297,340,351,377,378,382,387,395,402,421,431,432,433,434,468,478,479,481,482,502,506,511,520,521,523,525,551,558,566,571,577,580,604,624,655,666,697,708,710,737,738,745,751,803,808,816,837,842,848,878,892,900,923,924,926,950,959,970,985,995,996
734
735,355,594
736
737,0,3,5,7,12,14,19,27,45,46,52,55,59,65,84,112,115,119,123,150,154,161,162,163,172,183,185,200,201,221,229,234,236,244,246,247,257,263,264,266,270,291,297,304,314,315,340,342,351,355,366,377,378,382,387,395,402,404,413,420,421,429,431,432,433,434,437,441,456,468,478,479,481,482,501,505,506,511,513,520,521,523,525,539,551,558,562,566,571,577,581,583,600,602,604,606,614,617,624,636,655,666,672,679,697,708,710,733,738,745,751,754,761,762,768,772,786,787,790,796,801,803,805,807,808,816,824,828,837,841,842,848,862,870,872,874,878,892,897,915,917,923,924,926,942,945,950,958,959,961,970,973,985,995,996
738,0,3,5,7,12,14,19,27,46,52,55,59,65,84,112,115,119,123,154,161,162,163,172,183,185,200,201,221,234,236,244,247,263,264,266,291,297,315,340,342,351,355,377,378,382,387,395,402,404,420,421,431,432,433,434,468,478,479,481,482,505,506,511,520,521,525,551,558,566,571,577,581,600,602,604,606,614,617,624,636,655,666,697,708,710,733,737,745,751,768,803,807,808,816,837,842,848,870,871,874,878,892,897,915,923,924,926,936,942,945,950,959,961,970,985,995,996
739
740
741,163,183,413,421,583,602,638,666,708,808,874,915
742
743
744,12,120,387,575,726
745,0,3,5,7,12,14,19,27,28,34,45,46,52,55,63,65,67,76,112,119,120,123,133,150,154,158,160,161,162,163,183,185,196,197,200,201,221,229,234,236,244,246,247,263,266,269,270,291,297,298,303,304,313,314,315,320,327,340,342,351,370,377,378,382,387,390,395,396,402,404,413,421,431,432,433,434,437,441,471,478,479,481,482,506,511,513,520,521,523,525,539,551,558,562,566,571,577,581,583,600,602,604,606,614,617,624,636,655,666,679,697,707,708,710,713,733,737,738,751,754,761,762,768,772,786,787,790,801,803,807,808,816,817,828,837,842,848,855,859,862,865,872,874,878,884,892,897,905,917,923,924,926,942,945,950,955,958,959,961,970,985,995,996
746
747
748
749
750
751,0,3,5,7,12,14,19,27,45,46,52,55,65,119,123,150,154,160,161,162,163,183,185,200,201,205,221,234,236,244,246,247,256,263,266,270,291,297,314,340,351,366,377,378,382,387,395,402,413,421,429,431,432,433,434,441,478,479,481,482,506,511,513,520,521,523,525,551,558,562,566,571,577,583,600,604,606,614,624,636,650,655,666,672,697,708,710,733,737,738,745,754,761,772,786,787,790,796,803,807,808,816,817,828,837,842,848,862,872,878,892,897,903,917,924,926,942,945,950,959,961,970,985,995
752
753
754,5,7,12,14,19,27,28,34,45,46,52,63,65,67,76,112,115,119,120,123,133,150,154,158,161,185,200,201,221,234,236,244,246,247,248,263,269,270,291,297,298,314,320,327,340,351,370,378,382,387,396,402,404,413,416,431,432,433,434,441,460,468,471,478,481,506,511,513,520,523,525,539,558,562,566,571,577,583,600,602,604,606,614,624,636,655,697,708,710,713,737,745,751,761,762,768,769,772,786,787,790,801,803,807,808,816,817,828,837,842,845,848,855,859,862,865,872,874,884,892,897,905,917,923,924,926,936,942,945,950,955,958,959,961,970,985
755
756
757
758
759
760
761,5,7,12,19,45,46,52,65,119,150,154,161,185,200,201,221,234,236,244,246,247,263,270,291,314,340,351,382,387,413,431,432,433,434,441,506,513,520,523,562,566,575,577,583,600,606,614,624,636,655,697,710,737,745,751,754,772,786,787,790,803,807,808,816,828,837,842,848,862,872,892,897,917,924,926,942,945,950,961,970,985
762,5,7,14,19,46,52,59,65,112,115,119,123,133,154,161,183,185,197,200,218,221,229,234,236,244,246,257,263,269,270,297,304,315,340,342,351,366,378,382,402,404,420,429,431,433,434,437,460,468,471,478,481,501,506,511,520,525,539,558,562,566,571,577,578,583,600,602,604,614,624,636,655,666,679,697,708,737,745,754,772,787,801,803,816,828,837,841,848,878,892,897,915,924,926,936,950,955,958,959,961,973,985,995
763
764
765
766
767
768,5,7,14,19,28,34,46,52,59,63,65,67,76,84,112,115,119,120,123,154,158,161,172,183,185,200,201,221,229,234,236,244,247,263,264,270,279,283,291,297,298,315,327,340,342,351,355,366,370,378,382,396,404,420,429,431,432,433,434,437,468,481,482,501,505,506,511,520,523,525,539,551,558,566,577,581,583,600,602,604,606,614,617,624,636,655,676,679,697,707,713,726,737,738,745,754,787,801,803,807,808,816,817,828,837,842,848,855,859,865,870,874,884,892,897,905,915,917,923,924,926,942,945,950,955,958,959,961,970,985,996
769,14,20,39,67,160,163,333,396,413,416,471,537,604,710,754,796,817,905,910,982
770
771
772,5,7,12,19,45,46,52,59,65,112,119,123,150,154,160,161,185,197,200,201,221,229,234,236,244,246,247,257,263,270,291,297,304,313,314,315,340,342,351,366,378,382,387,390,404,413,420,429,431,432,433,434,437,441,479,481,501,506,511,513,520,523,525,539,551,562,566,577,583,600,606,614,617,624,636,655,679,697,708,710,737,745,751,754,761,762,786,787,790,801,803,807,808,816,828,837,841,842,848,855,862,872,878,892,897,917,924,926,942,945,950,958,959,961,970,973,976,985
773
774
775,0,133,160,216,279,291,320,429,460,486,501,862,872,917
776
777
778
779
780
781,711
782
783
784
785
786,5,7,12,19,45,46,52,65,119,150,154,161,185,200,201,221,234,236,244,246,247,263,270,291,314,340,351,370,382,387,413,431,432,433,434,441,506,513,520,523,562,566,577,580,583,600,606,614,624,636,651,655,697,710,737,745,751,754,761,772,787,790,803,807,808,816,828,837,842,848,862,872,892,897,900,917,924,926,942,945,950,961,970,985
787,5,7,12,14,19,28,34,45,46,52,59,63,65,67,76,112,119,120,123,150,154,158,160,161,165,185,197,200,201,221,229,234,236,244,246,247,250,257,263,270,291,297,298,303,304,313,314,315,327,340,342,351,366,370,378,382,386,387,390,396,404,413,420,429,431,432,433,434,437,441,479,481,501,506,511,513,520,523,525,539,551,558,562,566,577,583,600,606,614,617,624,636,655,666,679,697,708,710,713,737,745,751,754,761,762,768,772,786,790,801,803,807,808,816,817,828,837,841,842,848,855,859,862,865,872,874,878,884,892,897,905,917,923,924,926,942,945,950,958,959,961,970,973,985
788
789
790,5,7,12,19,45,46,52,59,65,119,150,154,160,161,185,200,201,205,221,234,236,244,246,247,263,270,282,291,303,314,340,351,382,387,402,413,431,432,433,434,441,468,505,506,513,520,523,562,566,577,583,600,606,607,614,624,636,650,651,655,697,710,737,745,751,754,761,772,786,787,803,807,808,816,817,828,837,842,848,855,860,862,872,892,897,903,917,924,926,942,945,950,961,970,985,995
791
792
793
794
795
796,135,193,244,246,333,471,672,737,751,769,905
797
798
799
800
801,5,7,14,19,28,34,46,52,59,63,65,67,76,112,115,119,120,123,154,158,160,161,185,197,200,221,229,234,236,244,246,247,248,257,263,270,291,297,298,304,313,315,327,340,342,366,370,378,382,390,396,404,413,420,429,431,432,433,434,437,460,468,479,481,501,506,511,520,523,525,539,551,558,562,566,577,583,600,614,617,624,636,655,679,697,708,713,737,745,754,762,768,772,787,803,807,808,813,816,817,828,837,841,842,848,855,859,865,874,878,884,892,897,905,917,923,924,926,936,942,945,950,958,959,961,970,973,985
802
803,0,3,5,7,12,14,19,27,28,34,45,46,52,55,59,63,65,67,76,84,112,115,119,120,123,133,150,154,158,160,161,162,163,172,183,185,196,197,200,201,221,229,234,236,244,246,247,257,263,264,266,269,270,291,297,298,303,304,313,314,315,320,327,340,342,351,355,366,370,377,378,382,387,390,395,396,402,404,413,420,421,429,431,432,433,434,437,441,468,471,478,479,481,482,501,505,506,511,513,520,521,523,525,539,551,558,562,566,571,577,581,583,600,602,604,606,614,617,624,636,655,666,679,697,707,708,710,713,733,737,738,745,751,754,761,762,768,772,786,787,790,801,807,808,816,817,828,837,841,842,848,855,859,862,865,870,872,874,878,884,892,897,905,915,917,923,924,926,942,945,950,955,958,959,961,970,973,985,995,996
804
805,115,244,246,456,521,737,824
806
807,5,7,12,14,19,28,34,45,46,52,59,63,65,67,76,84,105,112,115,119,120,123,150,154,158,161,172,183,185,200,201,221,234,236,244,246,247,263,264,270,291,297,298,314,315,327,340,342,351,355,370,378,382,387,396,404,413,420,431,432,433,434,441,468,481,482,505,506,511,513,520,523,525,539,551,558,562,566,577,581,583,600,602,604,606,614,617,624,636,655,697,710,713,737,738,745,751,754,761,768,772,786,787,790,801,803,808,816,817,828,837,842,845,848,855,859,862,865,870,872,874,884,892,897,905,915,917,923,924,926,942,945,950,955,958,959,961,970,985,996
808,0,3,5,7,12,14,19,27,28,34,45,46,52,55,59,63,65,67,76,84,112,115,119,120,123,150,154,158,160,161,162,163,172,183,185,196,197,200,201,221,229,234,236,244,246,247,263,264,266,270,291,297,298,303,304,313,314,315,320,327,340,342,351,355,370,377,378,382,387,390,395,396,402,404,413,420,421,431,432,433,434,437,441,468,478,479,481,482,505,506,511,513,520,521,523,525,539,551,558,562,566,571,577,581,583,600,602,604,606,614,617,624,636,655,666,679,697,707,708,710,713,733,737,738,741,745,751,754,761,768,772,786,787,790,801,803,807,816,817,828,837,842,848,855,859,862,865,870,872,874,878,884,892,897,905,915,917,923,924,926,942,945,950,958,959,961,970,985,995,996
809,610
810,553
811
812
813,112,248,460,801,841,878,959
814
815
816,0,3,5,7,12,14,19,27,28,34,45,46,52,55,59,63,65,67,76,84,112,115,119,120,123,133,150,154,158,160,161,162,163,172,183,185,196,197,200,201,221,229,234,236,244,246,247,257,263,264,266,269,270,291,297,298,303,304,313,314,315,320,327,340,342,351,355,366,370,377,378,382,387,390,395,396,402,404,413,420,421,429,431,432,433,434,437,441,468,471,478,479,481,482,501,505,506,511,513,520,521,523,525,539,551,558,562,566,571,577,581,583,600,602,604,606,614,617,624,636,655,666,679,697,707,708,710,713,733,737,738,745,751,754,761,762,768,772,786,787,790,801,803,807,808,817,828,837,841,842,848,855,859,862,865,870,872,874,878,884,892,897,905,915,917,923,924,926,942,945,950,955,958,959,961,970,973,985,995,996
817,5,7,14,19,20,28,34,39,52,63,65,67,76,112,119,120,123,154,158,160,163,185,200,205,221,234,247,263,270,291,298,327,333,340,370,378,382,396,402,404,431,433,434,506,511,520,523,537,539,558,566,577,583,600,604,614,624,636,650,655,697,713,717,745,751,754,768,769,787,790,801,803,807,808,816,828,837,842,848,855,859,865,874,884,897,903,905,910,917,923,924,926,942,950,958,959,970,982,985,995
818
819
820
821
822
823
824,244,246,456,521,737,805
825
826
827
828,5,7,12,14,19,28,34,45,46,52,63,65,67,76,112,119,120,123,133,150,154,158,160,161,185,196,200,201,205,221,234,236,244,246,247,263,269,270,291,297,298,303,304,313,314,315,320,327,340,342,351,370,378,382,387,396,402,404,413,431,432,433,434,437,441,471,478,479,481,506,511,513,520,523,525,539,558,562,566,571,577,581,583,600,602,604,606,614,617,624,636,650,655,679,697,707,708,710,713,737,745,751,754,761,762,768,772,786,787,790,801,803,807,808,816,817,837,842,848,850,855,859,862,865,872,874,884,892,897,903,905,917,923,924,926,942,945,950,955,958,959,961,970,985,995,996
829
830
831
832
833
834
835
836
837,0,3,5,7,12,14,19,27,28,34,45,46,52,55,59,63,65,67,76,112,119,120,123,133,150,154,158,160,161,162,163,183,185,197,200,201,221,229,234,236,244,246,247,257,263,266,269,270,291,297,298,304,313,314,315,327,340,342,351,366,370,377,378,382,387,390,395,396,402,404,413,420,421,429,431,432,433,434,437,441,471,478,479,481,482,501,502,506,511,513,520,521,523,525,539,551,558,562,566,571,577,583,600,602,604,606,614,617,624,636,655,666,679,697,708,710,713,733,737,738,745,751,754,761,762,768,772,786,787,790,801,803,807,808,816,817,828,841,842,848,855,859,862,865,872,874,878,884,892,897,905,917,923,924,926,942,945,950,955,958,959,961,970,973,985,995
838
839
840
841,5,7,46,52,59,65,112,119,123,154,161,185,200,221,229,236,244,246,248,257,263,304,315,340,342,366,378,382,404,420,429,431,433,434,437,460,481,501,511,520,539,566,577,600,614,624,655,679,697,708,737,762,772,787,801,803,813,816,837,848,878,892,897,924,926,958,959,973,985
842,0,3,5,7,12,14,19,27,28,34,45,46,52,55,63,65,67,76,112,119,120,123,150,154,158,161,162,163,181,183,185,200,201,221,234,236,244,246,247,263,266,270,291,297,298,314,327,340,351,366,370,377,378,382,387,395,396,402,404,413,421,431,432,433,434,441,478,479,481,482,506,511,513,520,521,523,525,539,551,558,562,566,571,577,583,600,604,606,614,624,636,655,666,697,708,710,713,733,737,738,745,751,754,761,768,772,786,787,790,801,803,807,808,816,817,828,837,848,855,859,862,865,872,874,878,884,892,897,905,917,923,924,926,942,945,950,958,959,961,970,985,995
843
844,468
845,105,416,513,571,606,754,807
846,201
847
848,0,3,5,7,12,14,19,27,28,34,45,46,52,55,59,63,65,67,76,84,112,115,119,120,123,133,150,154,158,160,161,162,163,172,183,185,196,197,200,201,221,229,234,236,244,246,247,257,263,264,266,269,270,291,297,298,303,304,313,314,315,320,327,340,342,351,355,366,370,377,378,382,387,390,395,396,402,404,413,420,421,429,431,432,433,434,437,441,468,471,478,479,481,482,501,505,506,511,513,520,521,523,525,539,551,558,562,566,571,577,581,583,600,602,604,606,614,617,624,636,655,666,679,697,707,708,710,713,733,737,738,745,751,754,761,762,768,772,786,787,790,801,803,807,808,816,817,828,837,841,842,855,859,862,865,870,872,874,878,884,892,897,905,915,917,923,924,926,942,945,950,955,958,959,961,970,973,985,995,996
849
850,479,607,713,828,859,888
851
852,63,205,539,610,874
853
854
855,5,7,14,19,28,34,46,52,59,63,65,67,76,112,119,120,123,154,158,160,161,185,197,200,221,229,234,247,263,270,289,291,297,298,303,304,313,315,327,340,370,378,382,390,396,404,413,431,432,433,434,468,479,481,506,511,520,523,525,539,551,558,566,577,583,600,604,614,617,624,631,636,655,697,713,745,754,768,772,787,790,801,803,807,808,816,817,828,837,842,848,859,865,874,884,892,897,905,917,923,924,926,942,945,950,958,959,970,985
856
857
858
859,5,7,12,14,19,27,28,34,46,52,59,63,65,67,76,112,119,120,123,154,158,161,185,196,200,221,234,236,247,263,270,282,291,298,303,304,313,315,320,327,340,342,370,378,382,396,402,404,431,432,433,434,437,478,479,481,506,511,520,523,539,558,566,577,581,583,600,604,614,617,624,636,655,679,697,707,713,745,754,768,787,801,803,807,808,816,817,828,837,842,848,850,855,865,874,884,892,897,905,917,923,924,926,942,950,958,959,970,985,996
860,22,34,55,63,67,73,140,282,297,322,351,365,395,402,416,471,479,481,562,606,790,897,905,936,955,959
861
862,0,5,7,9,12,19,45,46,52,65,119,133,150,154,161,185,200,201,221,234,236,244,246,247,263,270,279,291,304,314,320,340,351,382,387,413,431,432,433,434,441,460,506,513,520,523,562,566,577,583,589,600,606,614,624,636,655,697,710,737,745,751,754,761,772,775,786,787,790,803,807,808,816,828,837,842,848,872,875,892,897,917,924,926,942,945,950,961,970,985
863
864
865,5,7,14,19,28,34,52,63,65,67,76,112,119,120,123,154,158,185,200,221,234,247,263,270,291,298,327,340,370,378,382,396,404,431,433,434,506,511,520,523,539,558,566,577,583,600,614,624,636,655,697,703,713,745,754,768,787,801,803,807,808,816,817,828,837,842,848,855,859,874,884,897,905,917,923,924,926,942,950,958,959,970,985
866
867
868,22,123,150,304,382,539,562,905
869
870,7,14,46,59,65,84,112,115,119,154,161,172,173,183,185,200,201,221,234,236,244,247,263,264,297,315,340,342,351,355,404,420,431,432,433,434,468,481,482,505,511,520,525,551,566,577,581,600,602,604,606,614,617,624,636,655,697,737,738,768,803,807,808,816,848,874,892,897,915,923,924,945,961,985,996
871,156,163,246,247,392,498,738,942
872,5,7,12,19,45,46,52,65,119,150,154,160,161,185,200,201,216,221,234,236,244,246,247,263,270,291,314,340,351,382,387,413,431,432,433,434,441,486,506,513,520,523,562,566,577,583,600,606,614,624,636,655,697,710,737,745,751,754,761,772,775,786,787,790,803,807,808,816,828,837,842,848,862,892,897,917,924,926,942,945,950,961,970,985,996
873
874,5,7,12,14,19,28,34,46,52,59,63,65,67,76,84,112,115,119,120,123,154,158,159,161,163,169,172,183,185,196,200,201,205,221,234,236,244,247,263,264,270,291,297,298,303,304,313,315,320,327,340,342,351,355,370,378,382,396,402,404,413,420,431,432,433,434,437,468,479,481,482,486,505,506,511,520,523,525,539,551,558,566,577,581,583,600,602,604,606,610,614,617,624,636,655,679,697,707,713,737,738,741,745,754,768,787,801,803,807,808,816,817,828,837,842,848,852,855,859,865,870,884,892,897,900,905,915,917,923,924,926,942,945,950,958,959,961,970,985,996
875,862
876
877
878,0,3,5,7,12,14,19,23,27,46,52,55,59,65,112,119,123,154,161,162,163,169,183,185,200,221,229,234,236,244,246,247,248,257,263,266,291,297,298,304,315,340,342,351,366,377,378,382,387,395,402,404,420,421,429,431,432,433,434,437,460,478,479,481,482,501,506,511,520,521,525,539,551,558,566,571,577,600,604,614,624,655,666,679,697,708,710,726,733,737,738,745,751,762,772,787,801,803,808,813,816,837,841,842,848,884,892,897,924,926,938,950,958,959,970,973,985,995,996
879
880
881
882
883
884,5,7,14,19,28,34,52,63,65,67,76,112,119,120,123,154,158,169,185,200,221,234,247,263,270,291,298,327,340,370,378,382,396,404,431,433,434,506,511,520,523,539,558,566,577,583,600,610,614,624,636,655,697,713,745,754,768,787,801,803,807,808,816,817,828,837,842,848,855,859,865,874,878,897,905,917,923,924,926,942,950,958,959,970,985
885
886
887
888,479,850
889
890
891
892,0,3,5,7,12,14,19,27,45,46,52,55,59,65,84,112,115,119,123,133,150,154,160,161,162,163,172,183,185,196,197,200,201,221,229,234,236,244,246,247,257,263,264,266,269,270,291,297,303,304,313,314,315,320,340,342,351,355,366,377,378,382,387,390,395,402,404,413,420,421,429,431,432,433,434,437,441,468,471,478,479,481,482,501,505,506,511,513,520,521,523,525,539,551,558,562,566,571,577,581,583,600,602,604,606,614,617,624,636,655,666,679,697,707,708,710,733,737,738,745,751,754,761,762,768,772,786,787,790,801,803,807,808,816,828,837,841,842,848,855,859,862,870,872,874,878,897,915,917,923,924,926,942,945,950,955,958,959,961,970,973,985,995,996
893
894
895
896
897,5,7,12,14,19,28,34,45,46,52,59,63,65,67,76,84,112,115,119,120,123,150,154,158,161,172,183,185,196,200,201,221,229,234,236,244,246,247,257,263,264,270,282,291,297,298,303,304,313,314,315,320,327,340,342,351,355,366,370,378,382,387,396,402,404,413,420,429,431,432,433,434,437,441,460,468,479,481,482,501,505,506,511,513,520,523,525,539,551,558,562,566,577,581,583,600,602,604,606,614,617,624,636,655,679,697,707,708,710,713,737,738,745,751,754,761,762,768,772,786,787,790,801,803,807,808,816,817,828,837,841,842,848,855,859,860,862,865,870,872,874,878,884,892,900,905,915,917,923,924,926,936,942,945,950,958,959,961,970,973,985,996
898
899
900,9,209,247,264,342,395,404,420,468,580,604,686,733,786,874,897,923,942,945,967,996
901
902
903,19,169,205,231,270,402,650,751,790,817,828,950,995
904
905,5,7,14,19,28,34,52,55,63,65,67,76,112,119,120,123,140,150,154,158,185,200,221,234,247,263,270,291,298,304,327,333,340,351,365,370,378,382,396,404,431,433,434,471,506,511,520,523,539,558,562,566,577,583,600,606,614,624,636,655,697,713,745,754,768,769,787,796,801,803,807,808,816,817,828,837,842,848,855,859,860,865,868,874,884,897,917,923,924,926,936,942,950,958,959,970,985
906
907
908
909
910,14,20,39,67,160,163,537,604,769,817,982
911
912
913
914
915,7,12,14,46,59,65,84,112,115,119,154,161,172,183,185,200,201,218,221,234,236,244,247,263,264,297,315,340,342,351,355,404,420,421,431,432,433,434,468,481,482,505,511,520,525,551,566,577,578,581,600,602,604,606,614,617,624,636,638,655,666,697,708,737,738,741,762,768,803,807,808,816,848,870,874,892,897,923,924,936,945,961,985,995,996
916
917,0,5,7,12,14,19,28,34,45,46,52,63,65,67,76,112,119,120,123,133,150,154,158,160,161,185,200,201,221,234,236,244,246,247,256,263,270,279,291,298,314,320,327,340,351,355,370,378,382,387,396,404,413,421,431,432,433,434,441,460,506,511,513,520,523,539,558,562,566,577,583,600,606,614,624,636,655,697,710,713,737,745,751,754,761,768,772,775,786,787,790,801,803,807,808,816,817,828,837,842,848,855,859,862,865,872,874,884,892,897,905,923,924,926,942,945,950,958,959,961,970,973,985
918
919
920
921
922
923,5,7,9,14,19,28,34,46,52,55,59,63,65,67,76,84,112,115,119,120,123,154,158,161,172,183,185,200,201,221,234,236,244,247,263,264,270,291,297,298,315,327,340,342,351,355,370,378,382,395,396,404,420,431,432,433,434,468,471,481,482,505,506,511,520,523,525,539,551,558,566,577,580,581,583,600,602,604,606,614,617,624,636,655,697,713,733,737,738,745,754,768,787,801,803,807,808,816,817,828,837,842,848,855,859,865,870,874,884,892,897,900,905,915,917,924,926,942,945,950,958,959,961,970,985,996
924,0,3,5,7,12,14,19,27,28,34,45,46,52,55,59,63,65,67,76,84,112,115,119,120,123,133,150,154,158,161,162,163,172,183,185,200,201,221,229,234,236,244,246,247,257,263,264,266,269,270,291,297,298,304,314,315,327,340,342,351,355,366,370,377,378,382,387,395,396,402,404,413,420,421,429,431,432,433,434,437,441,468,471,478,479,481,482,501,505,506,511,513,520,521,523,525,539,551,558,562,566,571,577,581,583,600,602,604,606,614,617,624,636,655,666,679,697,708,710,713,717,733,737,738,745,751,754,761,762,768,772,786,787,790,801,803,807,808,816,817,828,837,841,842,848,855,859,862,865,870,872,874,878,884,892,897,905,915,917,923,926,942,945,950,955,958,959,961,970,973,985,995,996
925
926,0,3,5,7,12,14,19,27,28,34,45,46,52,55,59,63,65,67,76,112,119,120,123,133,150,154,158,160,161,162,163,183,185,197,200,201,221,229,234,236,244,246,247,257,263,266,269,270,291,297,298,304,313,314,315,327,340,342,351,366,370,377,378,382,387,390,395,396,402,404,413,420,421,429,431,432,433,434,437,441,471,478,479,481,482,501,506,511,513,520,521,523,525,539,551,558,562,566,571,577,583,600,602,604,606,614,617,624,636,655,666,679,697,708,710,713,733,737,738,745,751,754,761,762,768,772,786,787,790,801,803,807,808,816,817,828,837,841,842,848,855,859,862,865,872,874,878,884,892,897,905,917,923,924,942,945,950,955,958,959,961,970,973,985,995
927
928
929
930
931
932
933
934
935
936,63,67,115,123,140,351,365,382,460,468,471,539,562,606,614,738,754,762,801,860,897,905,915,961,979
937
938,878
939
940,7,539
941
942,5,7,12,14,19,28,34,45,46,52,63,65,67,76,112,119,120,123,150,154,156,158,160,161,163,185,197,200,201,221,229,234,236,244,246,247,263,267,270,291,297,298,304,313,314,315,327,340,351,370,378,382,387,390,392,396,404,413,431,432,433,434,441,479,481,506,511,513,520,523,525,539,551,558,562,566,577,580,583,600,606,614,617,624,636,655,697,710,713,737,738,745,751,754,761,768,772,786,787,790,801,803,807,808,816,817,828,837,842,848,855,859,862,865,871,872,874,884,892,897,900,905,917,923,924,926,945,950,958,959,961,970,985
943
944
945,5,7,12,14,19,45,46,52,59,65,84,112,115,119,150,154,160,161,172,183,185,197,200,201,221,229,234,236,244,246,247,263,264,270,291,297,304,313,314,315,340,342,351,355,382,387,390,404,413,420,431,432,433,434,441,468,479,481,482,505,506,511,513,520,523,525,551,562,566,577,581,583,600,602,604,606,614,617,624,636,655,686,697,710,726,737,738,745,751,754,761,768,772,786,787,790,801,803,807,808,816,828,837,842,848,855,862,870,872,874,892,897,900,915,917,923,924,926,942,950,958,959,961,967,970,985,996
946
947
948
949
950,0,3,5,7,12,14,19,27,28,34,45,46,52,55,63,65,67,76,112,119,120,123,133,150,154,158,160,161,162,163,183,185,196,197,200,201,205,221,229,234,236,244,246,247,263,266,269,270,291,297,298,303,304,313,314,315,320,327,340,342,351,370,377,378,382,387,390,395,396,402,404,413,421,431,432,433,434,437,441,471,478,479,481,482,506,511,513,520,521,523,525,539,551,558,562,566,571,577,581,583,600,602,604,606,614,617,624,636,650,655,666,679,697,707,708,710,713,733,737,738,745,751,754,761,762,768,772,786,787,790,801,803,807,808,816,817,828,837,842,848,855,859,862,865,872,874,878,884,892,897,903,905,917,923,924,926,942,945,955,958,959,961,970,985,995,996
951
952
953
954
955,5,7,14,19,28,34,46,65,119,133,154,161,185,200,221,234,263,269,270,297,322,340,351,378,402,404,431,433,434,471,478,481,506,511,520,525,558,566,571,577,583,600,602,604,614,624,636,655,697,708,745,754,762,768,803,807,816,828,837,848,860,892,924,926,950,959,985,987
956
957
958,5,7,12,14,19,28,34,46,52,59,63,65,67,76,84,101,112,119,120,123,154,158,160,161,185,196,197,200,221,229,234,236,244,246,247,257,263,270,289,291,296,297,298,303,304,313,315,320,327,340,342,346,366,370,378,382,390,396,402,404,413,420,429,431,432,433,434,437,479,481,501,506,511,520,523,525,539,551,558,566,577,581,583,600,604,614,617,624,636,655,679,697,707,708,713,737,745,754,762,768,772,787,801,803,807,808,816,817,828,837,841,842,848,855,859,865,874,878,884,892,897,905,917,923,924,926,942,945,950,959,970,973,985,996
959,0,3,5,7,12,14,19,27,28,34,46,52,55,59,63,65,67,76,112,119,120,123,154,158,160,161,162,163,169,183,185,197,200,221,229,234,236,244,246,247,248,257,263,266,270,291,297,298,304,313,315,322,327,340,342,351,366,370,377,378,382,387,390,395,396,402,404,413,420,421,429,431,432,433,434,437,460,478,479,481,482,501,506,511,520,521,523,525,539,551,558,566,571,577,583,600,604,614,617,624,636,655,666,679,697,708,710,713,733,737,738,745,751,754,762,768,772,787,801,803,807,808,813,816,817,828,837,841,842,848,855,859,860,865,874,878,884,892,897,905,917,923,924,926,942,945,950,955,958,970,973,985,995
960
961,5,7,9,12,14,19,45,46,52,59,65,84,112,115,119,150,154,161,172,183,185,200,201,213,221,234,236,244,246,247,263,264,270,291,297,314,315,340,342,351,355,382,387,404,413,420,431,432,433,434,441,460,468,481,482,505,506,511,513,520,523,525,551,562,566,577,581,583,600,602,604,606,614,617,624,636,655,697,710,737,738,745,751,754,761,762,768,772,786,787,790,801,803,807,808,816,828,837,842,848,862,870,872,874,892,897,915,917,923,924,926,936,942,945,950,970,985,996
962
963
964
965
966,76,126,310
967,362,420,441,686,900,945
968
969
970,0,3,5,7,12,14,19,27,28,34,45,46,52,55,63,65,67,76,112,119,120,123,150,154,158,161,162,163,183,185,200,201,221,234,236,244,246,247,263,266,270,291,297,298,314,320,327,340,351,370,377,378,382,387,395,396,402,404,413,421,431,432,433,434,441,478,479,481,482,506,511,513,520,521,523,525,539,551,558,562,566,571,577,583,600,604,606,614,624,636,655,666,697,708,710,713,733,737,738,745,751,754,761,768,772,786,787,790,801,803,807,808,816,817,828,837,842,848,855,859,862,865,872,874,878,884,892,897,905,917,923,924,926,942,945,950,958,959,961,985,995
971
972
973,5,7,46,52,59,65,112,119,123,154,161,185,200,221,229,236,244,246,256,257,263,304,315,340,342,366,378,382,387,404,420,421,429,431,433,434,437,471,481,501,506,511,520,521,539,566,577,600,614,624,655,679,697,708,713,737,762,772,787,801,803,816,837,841,848,878,892,897,917,924,926,958,959,985
974
975
976,52,396,416,441,679,772
977
978
979,936
980
981
982,14,20,39,67,160,163,395,537,604,769,817,910
983
984
985,0,3,5,7,12,14,19,27,28,34,45,46,52,55,59,63,65,67,76,84,112,115,119,120,123,133,150,154,158,160,161,162,163,172,183,185,196,197,200,201,221,229,234,236,244,246,247,257,263,264,266,269,270,291,297,298,303,304,313,314,315,320,327,340,342,351,355,366,370,377,378,382,387,390,395,396,402,404,413,420,421,429,431,432,433,434,437,441,468,471,478,479,481,482,501,505,506,511,513,520,521,523,525,539,551,558,562,566,571,577,581,583,600,602,604,606,614,617,624,636,655,666,679,697,707,708,710,713,733,737,738,745,751,754,761,762,768,772,786,787,790,801,803,807,808,816,817,828,837,841,842,848,855,859,862,865,870,872,874,878,884,892,897,905,915,917,923,924,926,942,945,950,955,958,959,961,970,973,995,996
986
987,282,390,421,523,535,955
988
989
990
991
992
993
994
995,0,3,5,7,12,14,19,27,52,55,65,119,123,154,160,161,162,163,183,185,200,205,218,221,234,244,247,263,266,270,291,297,340,351,377,378,382,387,395,402,420,421,431,432,433,434,478,479,481,482,506,511,520,521,525,551,558,566,571,577,578,604,624,650,655,666,697,708,710,733,737,738,745,751,762,790,803,808,816,817,828,837,842,848,878,892,903,915,924,926,950,959,970,985
996,5,7,9,12,14,19,23,46,52,59,65,84,112,115,119,154,161,169,172,183,185,196,200,201,221,234,236,244,247,263,264,291,297,303,304,313,315,320,340,342,351,355,382,395,402,404,420,431,432,433,434,437,468,479,481,482,505,511,520,525,551,566,577,580,581,583,600,602,604,606,614,617,624,636,655,679,697,707,726,733,737,738,745,768,803,807,808,816,828,848,859,870,872,874,878,892,897,900,915,923,924,945,950,958,961,985
997
998
999
